-- phpMyAdmin SQL Dump
-- version 4.6.4
-- https://www.phpmyadmin.net/
--
-- Host: 127.0.0.1
-- Generation Time: Oct 20, 2017 at 04:20 PM
-- Server version: 5.7.14
-- PHP Version: 5.6.25

SET SQL_MODE = "NO_AUTO_VALUE_ON_ZERO";
SET time_zone = "+00:00";


/*!40101 SET @OLD_CHARACTER_SET_CLIENT=@@CHARACTER_SET_CLIENT */;
/*!40101 SET @OLD_CHARACTER_SET_RESULTS=@@CHARACTER_SET_RESULTS */;
/*!40101 SET @OLD_COLLATION_CONNECTION=@@COLLATION_CONNECTION */;
/*!40101 SET NAMES utf8mb4 */;

--
-- Database: `project`
--

-- --------------------------------------------------------

--
-- Table structure for table `attendance`
--

CREATE TABLE `attendance` (
  `sid` varchar(45) NOT NULL,
  `cid` varchar(45) NOT NULL,
  `_date` date NOT NULL,
  `_session` int(11) NOT NULL,
  `status` enum('P','A') NOT NULL
) ENGINE=MyISAM DEFAULT CHARSET=latin1;

--
-- Dumping data for table `attendance`
--

INSERT INTO `attendance` (`sid`, `cid`, `_date`, `_session`, `status`) VALUES
(' B150107CS ', 'CS3001', '2017-07-17', 1, 'P'),
(' B150107CS ', 'CS3002', '2017-07-17', 1, 'P'),
(' B150107CS ', 'CS3003', '2017-07-17', 1, 'P'),
(' B150107CS ', 'CS3095', '2017-07-17', 1, 'P'),
(' B150107CS ', 'CS4021', '2017-07-17', 1, 'P'),
(' B150107CS ', 'CS4038', '2017-07-17', 1, 'P'),
(' B150107CS ', 'CS4050', '2017-07-17', 1, 'P'),
('B150063CS ', 'CS3001', '2017-07-17', 1, 'P'),
('B150063CS ', 'CS3002', '2017-07-17', 1, 'P'),
('B150063CS ', 'CS3003', '2017-07-17', 1, 'P'),
('B150063CS ', 'CS3095', '2017-07-17', 1, 'P'),
('B150063CS ', 'CS4021', '2017-07-17', 1, 'P'),
('B150063CS ', 'CS4038', '2017-07-17', 1, 'P'),
('B150063CS ', 'CS4050', '2017-07-17', 1, 'P'),
('B150102CS ', 'CS3001', '2017-07-17', 1, 'P'),
('B150102CS ', 'CS3002', '2017-07-17', 1, 'P'),
('B150102CS ', 'CS3003', '2017-07-17', 1, 'P'),
('B150102CS ', 'CS3095', '2017-07-17', 1, 'P'),
('B150102CS ', 'CS4021', '2017-07-17', 1, 'P'),
('B150102CS ', 'CS4038', '2017-07-17', 1, 'P'),
('B150102CS ', 'CS4050', '2017-07-17', 1, 'P'),
('B150103CS', 'CS3001', '2017-07-17', 1, 'P'),
('B150103CS', 'CS3002', '2017-07-17', 1, 'P'),
('B150103CS', 'CS3003', '2017-07-17', 1, 'P'),
('B150103CS', 'CS3095', '2017-07-17', 1, 'P'),
('B150103CS', 'CS4021', '2017-07-17', 1, 'P'),
('B150103CS', 'CS4038', '2017-07-17', 1, 'P'),
('B150103CS', 'CS4050', '2017-07-17', 1, 'P'),
('B150146CS ', 'CS3001', '2017-07-17', 1, 'P'),
('B150146CS ', 'CS3002', '2017-07-17', 1, 'P'),
('B150146CS ', 'CS3003', '2017-07-17', 1, 'P'),
('B150146CS ', 'CS3095', '2017-07-17', 1, 'P'),
('B150146CS ', 'CS4021', '2017-07-17', 1, 'P'),
('B150146CS ', 'CS4038', '2017-07-17', 1, 'P'),
('B150146CS ', 'CS4050', '2017-07-17', 1, 'P'),
('B150174CS', 'CS3001', '2017-07-17', 1, 'P'),
('B150174CS', 'CS3002', '2017-07-17', 1, 'P'),
('B150174CS', 'CS3003', '2017-07-17', 1, 'P'),
('B150174CS', 'CS3095', '2017-07-17', 1, 'P'),
('B150174CS', 'CS4021', '2017-07-17', 1, 'P'),
('B150174CS', 'CS4038', '2017-07-17', 1, 'P'),
('B150174CS', 'CS4050', '2017-07-17', 1, 'P'),
('B150177CS', 'CS3001', '2017-07-17', 1, 'P'),
('B150177CS', 'CS3002', '2017-07-17', 1, 'P'),
('B150177CS', 'CS3003', '2017-07-17', 1, 'P'),
('B150177CS', 'CS3095', '2017-07-17', 1, 'P'),
('B150177CS', 'CS4021', '2017-07-17', 1, 'P'),
('B150177CS', 'CS4038', '2017-07-17', 1, 'P'),
('B150177CS', 'CS4050', '2017-07-17', 1, 'P'),
('B150196CS ', 'CS3001', '2017-07-17', 1, 'P'),
('B150196CS ', 'CS3002', '2017-07-17', 1, 'P'),
('B150196CS ', 'CS3003', '2017-07-17', 1, 'P'),
('B150196CS ', 'CS3095', '2017-07-17', 1, 'P'),
('B150196CS ', 'CS4021', '2017-07-17', 1, 'P'),
('B150196CS ', 'CS4038', '2017-07-17', 1, 'P'),
('B150196CS ', 'CS4050', '2017-07-17', 1, 'P'),
('B150200CS ', 'CS3001', '2017-07-17', 1, 'A'),
('B150200CS ', 'CS3002', '2017-07-17', 1, 'A'),
('B150200CS ', 'CS3003', '2017-07-17', 1, 'A'),
('B150200CS ', 'CS3095', '2017-07-17', 1, 'A'),
('B150200CS ', 'CS4021', '2017-07-17', 1, 'A'),
('B150200CS ', 'CS4038', '2017-07-17', 1, 'A'),
('B150200CS ', 'CS4050', '2017-07-17', 1, 'A'),
('B150202CS ', 'CS3001', '2017-07-17', 1, 'P'),
('B150202CS ', 'CS3002', '2017-07-17', 1, 'P'),
('B150202CS ', 'CS3003', '2017-07-17', 1, 'P'),
('B150202CS ', 'CS3095', '2017-07-17', 1, 'P'),
('B150202CS ', 'CS4021', '2017-07-17', 1, 'P'),
('B150202CS ', 'CS4038', '2017-07-17', 1, 'P'),
('B150202CS ', 'CS4050', '2017-07-17', 1, 'P'),
('B150221CS ', 'CS3001', '2017-07-17', 1, 'P'),
('B150221CS ', 'CS3002', '2017-07-17', 1, 'P'),
('B150221CS ', 'CS3003', '2017-07-17', 1, 'P'),
('B150221CS ', 'CS3095', '2017-07-17', 1, 'P'),
('B150221CS ', 'CS4021', '2017-07-17', 1, 'P'),
('B150221CS ', 'CS4038', '2017-07-17', 1, 'P'),
('B150221CS ', 'CS4050', '2017-07-17', 1, 'P'),
('B150232CS', 'CS3001', '2017-07-17', 1, 'P'),
('B150232CS', 'CS3002', '2017-07-17', 1, 'P'),
('B150232CS', 'CS3003', '2017-07-17', 1, 'P'),
('B150232CS', 'CS3095', '2017-07-17', 1, 'P'),
('B150232CS', 'CS4021', '2017-07-17', 1, 'P'),
('B150232CS', 'CS4038', '2017-07-17', 1, 'P'),
('B150232CS', 'CS4050', '2017-07-17', 1, 'P'),
('B150263CS', 'CS3001', '2017-07-17', 1, 'P'),
('B150263CS', 'CS3002', '2017-07-17', 1, 'P'),
('B150263CS', 'CS3003', '2017-07-17', 1, 'P'),
('B150263CS', 'CS3095', '2017-07-17', 1, 'P'),
('B150263CS', 'CS4021', '2017-07-17', 1, 'P'),
('B150263CS', 'CS4038', '2017-07-17', 1, 'P'),
('B150263CS', 'CS4050', '2017-07-17', 1, 'P'),
('B150292CS', 'CS3001', '2017-07-17', 1, 'A'),
('B150292CS', 'CS3002', '2017-07-17', 1, 'A'),
('B150292CS', 'CS3003', '2017-07-17', 1, 'A'),
('B150292CS', 'CS3095', '2017-07-17', 1, 'A'),
('B150292CS', 'CS4021', '2017-07-17', 1, 'A'),
('B150292CS', 'CS4038', '2017-07-17', 1, 'A'),
('B150292CS', 'CS4050', '2017-07-17', 1, 'A'),
('B150309CS ', 'CS3001', '2017-07-17', 1, 'P'),
('B150309CS ', 'CS3002', '2017-07-17', 1, 'P'),
('B150309CS ', 'CS3003', '2017-07-17', 1, 'P'),
('B150309CS ', 'CS3095', '2017-07-17', 1, 'P'),
('B150309CS ', 'CS4021', '2017-07-17', 1, 'P'),
('B150309CS ', 'CS4038', '2017-07-17', 1, 'P'),
('B150309CS ', 'CS4050', '2017-07-17', 1, 'P'),
('B150310CS', 'CS3001', '2017-07-17', 1, 'P'),
('B150310CS', 'CS3002', '2017-07-17', 1, 'P'),
('B150310CS', 'CS3003', '2017-07-17', 1, 'P'),
('B150310CS', 'CS3095', '2017-07-17', 1, 'P'),
('B150310CS', 'CS4021', '2017-07-17', 1, 'P'),
('B150310CS', 'CS4038', '2017-07-17', 1, 'P'),
('B150310CS', 'CS4050', '2017-07-17', 1, 'P'),
('B150334CS', 'CS3001', '2017-07-17', 1, 'P'),
('B150334CS', 'CS3002', '2017-07-17', 1, 'P'),
('B150334CS', 'CS3003', '2017-07-17', 1, 'P'),
('B150334CS', 'CS3095', '2017-07-17', 1, 'P'),
('B150334CS', 'CS4021', '2017-07-17', 1, 'P'),
('B150334CS', 'CS4038', '2017-07-17', 1, 'P'),
('B150334CS', 'CS4050', '2017-07-17', 1, 'P'),
('B150337CS', 'CS3001', '2017-07-17', 1, 'P'),
('B150337CS', 'CS3002', '2017-07-17', 1, 'P'),
('B150337CS', 'CS3003', '2017-07-17', 1, 'P'),
('B150337CS', 'CS3095', '2017-07-17', 1, 'P'),
('B150337CS', 'CS4021', '2017-07-17', 1, 'P'),
('B150337CS', 'CS4038', '2017-07-17', 1, 'P'),
('B150337CS', 'CS4050', '2017-07-17', 1, 'P'),
('B150363CS', 'CS3001', '2017-07-17', 1, 'P'),
('B150363CS', 'CS3002', '2017-07-17', 1, 'P'),
('B150363CS', 'CS3003', '2017-07-17', 1, 'P'),
('B150363CS', 'CS3095', '2017-07-17', 1, 'P'),
('B150363CS', 'CS4021', '2017-07-17', 1, 'P'),
('B150363CS', 'CS4038', '2017-07-17', 1, 'P'),
('B150363CS', 'CS4050', '2017-07-17', 1, 'P'),
('B150372CS', 'CS3001', '2017-07-17', 1, 'P'),
('B150372CS', 'CS3002', '2017-07-17', 1, 'P'),
('B150372CS', 'CS3003', '2017-07-17', 1, 'P'),
('B150372CS', 'CS3095', '2017-07-17', 1, 'P'),
('B150372CS', 'CS4021', '2017-07-17', 1, 'P'),
('B150372CS', 'CS4038', '2017-07-17', 1, 'P'),
('B150372CS', 'CS4050', '2017-07-17', 1, 'P'),
('B150375CS ', 'CS3001', '2017-07-17', 1, 'P'),
('B150375CS ', 'CS3002', '2017-07-17', 1, 'P'),
('B150375CS ', 'CS3003', '2017-07-17', 1, 'P'),
('B150375CS ', 'CS3095', '2017-07-17', 1, 'P'),
('B150375CS ', 'CS4021', '2017-07-17', 1, 'P'),
('B150375CS ', 'CS4038', '2017-07-17', 1, 'P'),
('B150375CS ', 'CS4050', '2017-07-17', 1, 'P'),
('B150398CS ', 'CS3001', '2017-07-17', 1, 'P'),
('B150398CS ', 'CS3002', '2017-07-17', 1, 'P'),
('B150398CS ', 'CS3003', '2017-07-17', 1, 'P'),
('B150398CS ', 'CS3095', '2017-07-17', 1, 'P'),
('B150398CS ', 'CS4021', '2017-07-17', 1, 'P'),
('B150398CS ', 'CS4038', '2017-07-17', 1, 'P'),
('B150398CS ', 'CS4050', '2017-07-17', 1, 'P'),
('B150434CS', 'CS2001', '2017-07-17', 1, 'P'),
('B150434CS', 'CS2002', '2017-07-17', 1, 'P'),
('B150434CS', 'CS3001', '2017-07-17', 1, 'P'),
('B150434CS', 'CS3002', '2017-07-17', 1, 'P'),
('B150434CS', 'CS3003', '2017-07-17', 1, 'P'),
('B150434CS', 'CS3095', '2017-07-17', 1, 'P'),
('B150434CS', 'CS4021', '2017-07-17', 1, 'P'),
('B150434CS', 'CS4038', '2017-07-17', 1, 'P'),
('B150434CS', 'ZZ1004', '2017-07-17', 1, 'P'),
('B150453CS', 'CS3001', '2017-07-17', 1, 'P'),
('B150453CS', 'CS3002', '2017-07-17', 1, 'P'),
('B150453CS', 'CS3003', '2017-07-17', 1, 'P'),
('B150453CS', 'CS3095', '2017-07-17', 1, 'P'),
('B150453CS', 'CS4021', '2017-07-17', 1, 'P'),
('B150453CS', 'CS4038', '2017-07-17', 1, 'P'),
('B150453CS', 'CS4050', '2017-07-17', 1, 'P'),
('B150476CS', 'CS3001', '2017-07-17', 1, 'A'),
('B150476CS', 'CS3002', '2017-07-17', 1, 'A'),
('B150476CS', 'CS3003', '2017-07-17', 1, 'A'),
('B150476CS', 'CS3095', '2017-07-17', 1, 'A'),
('B150476CS', 'CS4021', '2017-07-17', 1, 'A'),
('B150476CS', 'CS4038', '2017-07-17', 1, 'A'),
('B150476CS', 'CS4050', '2017-07-17', 1, 'A'),
('B150496CS ', 'CS3001', '2017-07-17', 1, 'P'),
('B150496CS ', 'CS3002', '2017-07-17', 1, 'P'),
('B150496CS ', 'CS3003', '2017-07-17', 1, 'P'),
('B150496CS ', 'CS3095', '2017-07-17', 1, 'P'),
('B150496CS ', 'CS4021', '2017-07-17', 1, 'P'),
('B150496CS ', 'CS4038', '2017-07-17', 1, 'P'),
('B150496CS ', 'CS4050', '2017-07-17', 1, 'P'),
('B150592CS ', 'CS3001', '2017-07-17', 1, 'P'),
('B150592CS ', 'CS3002', '2017-07-17', 1, 'P'),
('B150592CS ', 'CS3003', '2017-07-17', 1, 'P'),
('B150592CS ', 'CS3095', '2017-07-17', 1, 'P'),
('B150592CS ', 'CS4021', '2017-07-17', 1, 'P'),
('B150592CS ', 'CS4038', '2017-07-17', 1, 'P'),
('B150592CS ', 'CS4050', '2017-07-17', 1, 'P'),
('B150735CS', 'CS3001', '2017-07-17', 1, 'P'),
('B150735CS', 'CS3002', '2017-07-17', 1, 'P'),
('B150735CS', 'CS3003', '2017-07-17', 1, 'P'),
('B150735CS', 'CS3095', '2017-07-17', 1, 'P'),
('B150735CS', 'CS4021', '2017-07-17', 1, 'P'),
('B150735CS', 'CS4038', '2017-07-17', 1, 'P'),
('B150735CS', 'CS4050', '2017-07-17', 1, 'P'),
('B150737CS ', 'CS3001', '2017-07-17', 1, 'P'),
('B150737CS ', 'CS3002', '2017-07-17', 1, 'P'),
('B150737CS ', 'CS3003', '2017-07-17', 1, 'P'),
('B150737CS ', 'CS3095', '2017-07-17', 1, 'P'),
('B150737CS ', 'CS4021', '2017-07-17', 1, 'P'),
('B150737CS ', 'CS4038', '2017-07-17', 1, 'P'),
('B150737CS ', 'CS4050', '2017-07-17', 1, 'P'),
('B150750CS ', 'CS3001', '2017-07-17', 1, 'P'),
('B150750CS ', 'CS3002', '2017-07-17', 1, 'P'),
('B150750CS ', 'CS3003', '2017-07-17', 1, 'P'),
('B150750CS ', 'CS3095', '2017-07-17', 1, 'P'),
('B150750CS ', 'CS4021', '2017-07-17', 1, 'P'),
('B150750CS ', 'CS4038', '2017-07-17', 1, 'P'),
('B150750CS ', 'CS4050', '2017-07-17', 1, 'P'),
(' B150107CS ', 'CS3001', '2017-07-20', 2, 'P'),
(' B150107CS ', 'CS3002', '2017-07-20', 2, 'P'),
(' B150107CS ', 'CS3003', '2017-07-20', 2, 'P'),
(' B150107CS ', 'CS3095', '2017-07-20', 2, 'P'),
(' B150107CS ', 'CS4021', '2017-07-20', 2, 'P'),
(' B150107CS ', 'CS4038', '2017-07-20', 2, 'P'),
(' B150107CS ', 'CS4050', '2017-07-20', 2, 'P'),
('B150063CS ', 'CS3001', '2017-07-20', 2, 'P'),
('B150063CS ', 'CS3002', '2017-07-20', 2, 'P'),
('B150063CS ', 'CS3003', '2017-07-20', 2, 'P'),
('B150063CS ', 'CS3095', '2017-07-20', 2, 'P'),
('B150063CS ', 'CS4021', '2017-07-20', 2, 'P'),
('B150063CS ', 'CS4038', '2017-07-20', 2, 'P'),
('B150063CS ', 'CS4050', '2017-07-20', 2, 'P'),
('B150102CS ', 'CS3001', '2017-07-20', 2, 'P'),
('B150102CS ', 'CS3002', '2017-07-20', 2, 'P'),
('B150102CS ', 'CS3003', '2017-07-20', 2, 'P'),
('B150102CS ', 'CS3095', '2017-07-20', 2, 'P'),
('B150102CS ', 'CS4021', '2017-07-20', 2, 'P'),
('B150102CS ', 'CS4038', '2017-07-20', 2, 'P'),
('B150102CS ', 'CS4050', '2017-07-20', 2, 'P'),
('B150103CS', 'CS3001', '2017-07-20', 2, 'P'),
('B150103CS', 'CS3002', '2017-07-20', 2, 'P'),
('B150103CS', 'CS3003', '2017-07-20', 2, 'P'),
('B150103CS', 'CS3095', '2017-07-20', 2, 'P'),
('B150103CS', 'CS4021', '2017-07-20', 2, 'P'),
('B150103CS', 'CS4038', '2017-07-20', 2, 'P'),
('B150103CS', 'CS4050', '2017-07-20', 2, 'P'),
('B150146CS ', 'CS3001', '2017-07-20', 2, 'P'),
('B150146CS ', 'CS3002', '2017-07-20', 2, 'P'),
('B150146CS ', 'CS3003', '2017-07-20', 2, 'P'),
('B150146CS ', 'CS3095', '2017-07-20', 2, 'P'),
('B150146CS ', 'CS4021', '2017-07-20', 2, 'P'),
('B150146CS ', 'CS4038', '2017-07-20', 2, 'P'),
('B150146CS ', 'CS4050', '2017-07-20', 2, 'P'),
('B150174CS', 'CS3001', '2017-07-20', 2, 'P'),
('B150174CS', 'CS3002', '2017-07-20', 2, 'P'),
('B150174CS', 'CS3003', '2017-07-20', 2, 'P'),
('B150174CS', 'CS3095', '2017-07-20', 2, 'P'),
('B150174CS', 'CS4021', '2017-07-20', 2, 'P'),
('B150174CS', 'CS4038', '2017-07-20', 2, 'P'),
('B150174CS', 'CS4050', '2017-07-20', 2, 'P'),
('B150177CS', 'CS3001', '2017-07-20', 2, 'P'),
('B150177CS', 'CS3002', '2017-07-20', 2, 'P'),
('B150177CS', 'CS3003', '2017-07-20', 2, 'P'),
('B150177CS', 'CS3095', '2017-07-20', 2, 'P'),
('B150177CS', 'CS4021', '2017-07-20', 2, 'P'),
('B150177CS', 'CS4038', '2017-07-20', 2, 'P'),
('B150177CS', 'CS4050', '2017-07-20', 2, 'P'),
('B150196CS ', 'CS3001', '2017-07-20', 2, 'P'),
('B150196CS ', 'CS3002', '2017-07-20', 2, 'P'),
('B150196CS ', 'CS3003', '2017-07-20', 2, 'P'),
('B150196CS ', 'CS3095', '2017-07-20', 2, 'P'),
('B150196CS ', 'CS4021', '2017-07-20', 2, 'P'),
('B150196CS ', 'CS4038', '2017-07-20', 2, 'P'),
('B150196CS ', 'CS4050', '2017-07-20', 2, 'P'),
('B150200CS ', 'CS3001', '2017-07-20', 2, 'P'),
('B150200CS ', 'CS3002', '2017-07-20', 2, 'P'),
('B150200CS ', 'CS3003', '2017-07-20', 2, 'P'),
('B150200CS ', 'CS3095', '2017-07-20', 2, 'P'),
('B150200CS ', 'CS4021', '2017-07-20', 2, 'P'),
('B150200CS ', 'CS4038', '2017-07-20', 2, 'P'),
('B150200CS ', 'CS4050', '2017-07-20', 2, 'P'),
('B150202CS ', 'CS3001', '2017-07-20', 2, 'P'),
('B150202CS ', 'CS3002', '2017-07-20', 2, 'P'),
('B150202CS ', 'CS3003', '2017-07-20', 2, 'P'),
('B150202CS ', 'CS3095', '2017-07-20', 2, 'P'),
('B150202CS ', 'CS4021', '2017-07-20', 2, 'P'),
('B150202CS ', 'CS4038', '2017-07-20', 2, 'P'),
('B150202CS ', 'CS4050', '2017-07-20', 2, 'P'),
('B150221CS ', 'CS3001', '2017-07-20', 2, 'P'),
('B150221CS ', 'CS3002', '2017-07-20', 2, 'P'),
('B150221CS ', 'CS3003', '2017-07-20', 2, 'P'),
('B150221CS ', 'CS3095', '2017-07-20', 2, 'P'),
('B150221CS ', 'CS4021', '2017-07-20', 2, 'P'),
('B150221CS ', 'CS4038', '2017-07-20', 2, 'P'),
('B150221CS ', 'CS4050', '2017-07-20', 2, 'P'),
('B150232CS', 'CS3001', '2017-07-20', 2, 'P'),
('B150232CS', 'CS3002', '2017-07-20', 2, 'P'),
('B150232CS', 'CS3003', '2017-07-20', 2, 'P'),
('B150232CS', 'CS3095', '2017-07-20', 2, 'P'),
('B150232CS', 'CS4021', '2017-07-20', 2, 'P'),
('B150232CS', 'CS4038', '2017-07-20', 2, 'P'),
('B150232CS', 'CS4050', '2017-07-20', 2, 'P'),
('B150263CS', 'CS3001', '2017-07-20', 2, 'P'),
('B150263CS', 'CS3002', '2017-07-20', 2, 'P'),
('B150263CS', 'CS3003', '2017-07-20', 2, 'P'),
('B150263CS', 'CS3095', '2017-07-20', 2, 'P'),
('B150263CS', 'CS4021', '2017-07-20', 2, 'P'),
('B150263CS', 'CS4038', '2017-07-20', 2, 'P'),
('B150263CS', 'CS4050', '2017-07-20', 2, 'P'),
('B150292CS', 'CS3001', '2017-07-20', 2, 'P'),
('B150292CS', 'CS3002', '2017-07-20', 2, 'P'),
('B150292CS', 'CS3003', '2017-07-20', 2, 'P'),
('B150292CS', 'CS3095', '2017-07-20', 2, 'P'),
('B150292CS', 'CS4021', '2017-07-20', 2, 'P'),
('B150292CS', 'CS4038', '2017-07-20', 2, 'P'),
('B150292CS', 'CS4050', '2017-07-20', 2, 'P'),
('B150309CS ', 'CS3001', '2017-07-20', 2, 'P'),
('B150309CS ', 'CS3002', '2017-07-20', 2, 'P'),
('B150309CS ', 'CS3003', '2017-07-20', 2, 'P'),
('B150309CS ', 'CS3095', '2017-07-20', 2, 'P'),
('B150309CS ', 'CS4021', '2017-07-20', 2, 'P'),
('B150309CS ', 'CS4038', '2017-07-20', 2, 'P'),
('B150309CS ', 'CS4050', '2017-07-20', 2, 'P'),
('B150310CS', 'CS3001', '2017-07-20', 2, 'P'),
('B150310CS', 'CS3002', '2017-07-20', 2, 'P'),
('B150310CS', 'CS3003', '2017-07-20', 2, 'P'),
('B150310CS', 'CS3095', '2017-07-20', 2, 'P'),
('B150310CS', 'CS4021', '2017-07-20', 2, 'P'),
('B150310CS', 'CS4038', '2017-07-20', 2, 'P'),
('B150310CS', 'CS4050', '2017-07-20', 2, 'P'),
('B150334CS', 'CS3001', '2017-07-20', 2, 'P'),
('B150334CS', 'CS3002', '2017-07-20', 2, 'P'),
('B150334CS', 'CS3003', '2017-07-20', 2, 'P'),
('B150334CS', 'CS3095', '2017-07-20', 2, 'P'),
('B150334CS', 'CS4021', '2017-07-20', 2, 'P'),
('B150334CS', 'CS4038', '2017-07-20', 2, 'P'),
('B150334CS', 'CS4050', '2017-07-20', 2, 'P'),
('B150337CS', 'CS3001', '2017-07-20', 2, 'P'),
('B150337CS', 'CS3002', '2017-07-20', 2, 'P'),
('B150337CS', 'CS3003', '2017-07-20', 2, 'P'),
('B150337CS', 'CS3095', '2017-07-20', 2, 'P'),
('B150337CS', 'CS4021', '2017-07-20', 2, 'P'),
('B150337CS', 'CS4038', '2017-07-20', 2, 'P'),
('B150337CS', 'CS4050', '2017-07-20', 2, 'P'),
('B150363CS', 'CS3001', '2017-07-20', 2, 'P'),
('B150363CS', 'CS3002', '2017-07-20', 2, 'P'),
('B150363CS', 'CS3003', '2017-07-20', 2, 'P'),
('B150363CS', 'CS3095', '2017-07-20', 2, 'P'),
('B150363CS', 'CS4021', '2017-07-20', 2, 'P'),
('B150363CS', 'CS4038', '2017-07-20', 2, 'P'),
('B150363CS', 'CS4050', '2017-07-20', 2, 'P'),
('B150372CS', 'CS3001', '2017-07-20', 2, 'P'),
('B150372CS', 'CS3002', '2017-07-20', 2, 'P'),
('B150372CS', 'CS3003', '2017-07-20', 2, 'P'),
('B150372CS', 'CS3095', '2017-07-20', 2, 'P'),
('B150372CS', 'CS4021', '2017-07-20', 2, 'P'),
('B150372CS', 'CS4038', '2017-07-20', 2, 'P'),
('B150372CS', 'CS4050', '2017-07-20', 2, 'P'),
('B150375CS ', 'CS3001', '2017-07-20', 2, 'P'),
('B150375CS ', 'CS3002', '2017-07-20', 2, 'P'),
('B150375CS ', 'CS3003', '2017-07-20', 2, 'P'),
('B150375CS ', 'CS3095', '2017-07-20', 2, 'P'),
('B150375CS ', 'CS4021', '2017-07-20', 2, 'P'),
('B150375CS ', 'CS4038', '2017-07-20', 2, 'P'),
('B150375CS ', 'CS4050', '2017-07-20', 2, 'P'),
('B150398CS ', 'CS3001', '2017-07-20', 2, 'P'),
('B150398CS ', 'CS3002', '2017-07-20', 2, 'P'),
('B150398CS ', 'CS3003', '2017-07-20', 2, 'P'),
('B150398CS ', 'CS3095', '2017-07-20', 2, 'P'),
('B150398CS ', 'CS4021', '2017-07-20', 2, 'P'),
('B150398CS ', 'CS4038', '2017-07-20', 2, 'P'),
('B150398CS ', 'CS4050', '2017-07-20', 2, 'P'),
('B150434CS', 'CS2001', '2017-07-20', 2, 'A'),
('B150434CS', 'CS2002', '2017-07-20', 2, 'A'),
('B150434CS', 'CS3001', '2017-07-20', 2, 'A'),
('B150434CS', 'CS3002', '2017-07-20', 2, 'A'),
('B150434CS', 'CS3003', '2017-07-20', 2, 'A'),
('B150434CS', 'CS3095', '2017-07-20', 2, 'A'),
('B150434CS', 'CS4021', '2017-07-20', 2, 'A'),
('B150434CS', 'CS4038', '2017-07-20', 2, 'A'),
('B150434CS', 'ZZ1004', '2017-07-20', 2, 'A'),
('B150453CS', 'CS3001', '2017-07-20', 2, 'P'),
('B150453CS', 'CS3002', '2017-07-20', 2, 'P'),
('B150453CS', 'CS3003', '2017-07-20', 2, 'P'),
('B150453CS', 'CS3095', '2017-07-20', 2, 'P'),
('B150453CS', 'CS4021', '2017-07-20', 2, 'P'),
('B150453CS', 'CS4038', '2017-07-20', 2, 'P'),
('B150453CS', 'CS4050', '2017-07-20', 2, 'P'),
('B150476CS', 'CS3001', '2017-07-20', 2, 'P'),
('B150476CS', 'CS3002', '2017-07-20', 2, 'P'),
('B150476CS', 'CS3003', '2017-07-20', 2, 'P'),
('B150476CS', 'CS3095', '2017-07-20', 2, 'P'),
('B150476CS', 'CS4021', '2017-07-20', 2, 'P'),
('B150476CS', 'CS4038', '2017-07-20', 2, 'P'),
('B150476CS', 'CS4050', '2017-07-20', 2, 'P'),
('B150496CS ', 'CS3001', '2017-07-20', 2, 'P'),
('B150496CS ', 'CS3002', '2017-07-20', 2, 'P'),
('B150496CS ', 'CS3003', '2017-07-20', 2, 'P'),
('B150496CS ', 'CS3095', '2017-07-20', 2, 'P'),
('B150496CS ', 'CS4021', '2017-07-20', 2, 'P'),
('B150496CS ', 'CS4038', '2017-07-20', 2, 'P'),
('B150496CS ', 'CS4050', '2017-07-20', 2, 'P'),
('B150592CS ', 'CS3001', '2017-07-20', 2, 'P'),
('B150592CS ', 'CS3002', '2017-07-20', 2, 'P'),
('B150592CS ', 'CS3003', '2017-07-20', 2, 'P'),
('B150592CS ', 'CS3095', '2017-07-20', 2, 'P'),
('B150592CS ', 'CS4021', '2017-07-20', 2, 'P'),
('B150592CS ', 'CS4038', '2017-07-20', 2, 'P'),
('B150592CS ', 'CS4050', '2017-07-20', 2, 'P'),
('B150735CS', 'CS3001', '2017-07-20', 2, 'P'),
('B150735CS', 'CS3002', '2017-07-20', 2, 'P'),
('B150735CS', 'CS3003', '2017-07-20', 2, 'P'),
('B150735CS', 'CS3095', '2017-07-20', 2, 'P'),
('B150735CS', 'CS4021', '2017-07-20', 2, 'P'),
('B150735CS', 'CS4038', '2017-07-20', 2, 'P'),
('B150735CS', 'CS4050', '2017-07-20', 2, 'P'),
('B150737CS ', 'CS3001', '2017-07-20', 2, 'P'),
('B150737CS ', 'CS3002', '2017-07-20', 2, 'P'),
('B150737CS ', 'CS3003', '2017-07-20', 2, 'P'),
('B150737CS ', 'CS3095', '2017-07-20', 2, 'P'),
('B150737CS ', 'CS4021', '2017-07-20', 2, 'P'),
('B150737CS ', 'CS4038', '2017-07-20', 2, 'P'),
('B150737CS ', 'CS4050', '2017-07-20', 2, 'P'),
('B150750CS ', 'CS3001', '2017-07-20', 2, 'P'),
('B150750CS ', 'CS3002', '2017-07-20', 2, 'P'),
('B150750CS ', 'CS3003', '2017-07-20', 2, 'P'),
('B150750CS ', 'CS3095', '2017-07-20', 2, 'P'),
('B150750CS ', 'CS4021', '2017-07-20', 2, 'P'),
('B150750CS ', 'CS4038', '2017-07-20', 2, 'P'),
('B150750CS ', 'CS4050', '2017-07-20', 2, 'P'),
(' B150107CS ', 'CS3001', '2017-07-30', 3, 'P'),
(' B150107CS ', 'CS3002', '2017-07-30', 3, 'P'),
(' B150107CS ', 'CS3003', '2017-07-30', 3, 'P'),
(' B150107CS ', 'CS3095', '2017-07-30', 3, 'P'),
(' B150107CS ', 'CS4021', '2017-07-30', 3, 'P'),
(' B150107CS ', 'CS4038', '2017-07-30', 3, 'P'),
(' B150107CS ', 'CS4050', '2017-07-30', 3, 'P'),
('B150063CS ', 'CS3001', '2017-07-30', 3, 'A'),
('B150063CS ', 'CS3002', '2017-07-30', 3, 'A'),
('B150063CS ', 'CS3003', '2017-07-30', 3, 'A'),
('B150063CS ', 'CS3095', '2017-07-30', 3, 'A'),
('B150063CS ', 'CS4021', '2017-07-30', 3, 'A'),
('B150063CS ', 'CS4038', '2017-07-30', 3, 'A'),
('B150063CS ', 'CS4050', '2017-07-30', 3, 'A'),
('B150102CS ', 'CS3001', '2017-07-30', 3, 'P'),
('B150102CS ', 'CS3002', '2017-07-30', 3, 'P'),
('B150102CS ', 'CS3003', '2017-07-30', 3, 'P'),
('B150102CS ', 'CS3095', '2017-07-30', 3, 'P'),
('B150102CS ', 'CS4021', '2017-07-30', 3, 'P'),
('B150102CS ', 'CS4038', '2017-07-30', 3, 'P'),
('B150102CS ', 'CS4050', '2017-07-30', 3, 'P'),
('B150103CS', 'CS3001', '2017-07-30', 3, 'P'),
('B150103CS', 'CS3002', '2017-07-30', 3, 'P'),
('B150103CS', 'CS3003', '2017-07-30', 3, 'P'),
('B150103CS', 'CS3095', '2017-07-30', 3, 'P'),
('B150103CS', 'CS4021', '2017-07-30', 3, 'P'),
('B150103CS', 'CS4038', '2017-07-30', 3, 'P'),
('B150103CS', 'CS4050', '2017-07-30', 3, 'P'),
('B150146CS ', 'CS3001', '2017-07-30', 3, 'P'),
('B150146CS ', 'CS3002', '2017-07-30', 3, 'P'),
('B150146CS ', 'CS3003', '2017-07-30', 3, 'P'),
('B150146CS ', 'CS3095', '2017-07-30', 3, 'P'),
('B150146CS ', 'CS4021', '2017-07-30', 3, 'P'),
('B150146CS ', 'CS4038', '2017-07-30', 3, 'P'),
('B150146CS ', 'CS4050', '2017-07-30', 3, 'P'),
('B150174CS', 'CS3001', '2017-07-30', 3, 'P'),
('B150174CS', 'CS3002', '2017-07-30', 3, 'P'),
('B150174CS', 'CS3003', '2017-07-30', 3, 'P'),
('B150174CS', 'CS3095', '2017-07-30', 3, 'P'),
('B150174CS', 'CS4021', '2017-07-30', 3, 'P'),
('B150174CS', 'CS4038', '2017-07-30', 3, 'P'),
('B150174CS', 'CS4050', '2017-07-30', 3, 'P'),
('B150177CS', 'CS3001', '2017-07-30', 3, 'P'),
('B150177CS', 'CS3002', '2017-07-30', 3, 'P'),
('B150177CS', 'CS3003', '2017-07-30', 3, 'P'),
('B150177CS', 'CS3095', '2017-07-30', 3, 'P'),
('B150177CS', 'CS4021', '2017-07-30', 3, 'P'),
('B150177CS', 'CS4038', '2017-07-30', 3, 'P'),
('B150177CS', 'CS4050', '2017-07-30', 3, 'P'),
('B150196CS ', 'CS3001', '2017-07-30', 3, 'P'),
('B150196CS ', 'CS3002', '2017-07-30', 3, 'P'),
('B150196CS ', 'CS3003', '2017-07-30', 3, 'P'),
('B150196CS ', 'CS3095', '2017-07-30', 3, 'P'),
('B150196CS ', 'CS4021', '2017-07-30', 3, 'P'),
('B150196CS ', 'CS4038', '2017-07-30', 3, 'P'),
('B150196CS ', 'CS4050', '2017-07-30', 3, 'P'),
('B150200CS ', 'CS3001', '2017-07-30', 3, 'A'),
('B150200CS ', 'CS3002', '2017-07-30', 3, 'A'),
('B150200CS ', 'CS3003', '2017-07-30', 3, 'A'),
('B150200CS ', 'CS3095', '2017-07-30', 3, 'A'),
('B150200CS ', 'CS4021', '2017-07-30', 3, 'A'),
('B150200CS ', 'CS4038', '2017-07-30', 3, 'A'),
('B150200CS ', 'CS4050', '2017-07-30', 3, 'A'),
('B150202CS ', 'CS3001', '2017-07-30', 3, 'P'),
('B150202CS ', 'CS3002', '2017-07-30', 3, 'P'),
('B150202CS ', 'CS3003', '2017-07-30', 3, 'P'),
('B150202CS ', 'CS3095', '2017-07-30', 3, 'P'),
('B150202CS ', 'CS4021', '2017-07-30', 3, 'P'),
('B150202CS ', 'CS4038', '2017-07-30', 3, 'P'),
('B150202CS ', 'CS4050', '2017-07-30', 3, 'P'),
('B150221CS ', 'CS3001', '2017-07-30', 3, 'P'),
('B150221CS ', 'CS3002', '2017-07-30', 3, 'P'),
('B150221CS ', 'CS3003', '2017-07-30', 3, 'P'),
('B150221CS ', 'CS3095', '2017-07-30', 3, 'P'),
('B150221CS ', 'CS4021', '2017-07-30', 3, 'P'),
('B150221CS ', 'CS4038', '2017-07-30', 3, 'P'),
('B150221CS ', 'CS4050', '2017-07-30', 3, 'P'),
('B150232CS', 'CS3001', '2017-07-30', 3, 'P'),
('B150232CS', 'CS3002', '2017-07-30', 3, 'P'),
('B150232CS', 'CS3003', '2017-07-30', 3, 'P'),
('B150232CS', 'CS3095', '2017-07-30', 3, 'P'),
('B150232CS', 'CS4021', '2017-07-30', 3, 'P'),
('B150232CS', 'CS4038', '2017-07-30', 3, 'P'),
('B150232CS', 'CS4050', '2017-07-30', 3, 'P'),
('B150263CS', 'CS3001', '2017-07-30', 3, 'P'),
('B150263CS', 'CS3002', '2017-07-30', 3, 'P'),
('B150263CS', 'CS3003', '2017-07-30', 3, 'P'),
('B150263CS', 'CS3095', '2017-07-30', 3, 'P'),
('B150263CS', 'CS4021', '2017-07-30', 3, 'P'),
('B150263CS', 'CS4038', '2017-07-30', 3, 'P'),
('B150263CS', 'CS4050', '2017-07-30', 3, 'P'),
('B150292CS', 'CS3001', '2017-07-30', 3, 'A'),
('B150292CS', 'CS3002', '2017-07-30', 3, 'A'),
('B150292CS', 'CS3003', '2017-07-30', 3, 'A'),
('B150292CS', 'CS3095', '2017-07-30', 3, 'A'),
('B150292CS', 'CS4021', '2017-07-30', 3, 'A'),
('B150292CS', 'CS4038', '2017-07-30', 3, 'A'),
('B150292CS', 'CS4050', '2017-07-30', 3, 'A'),
('B150309CS ', 'CS3001', '2017-07-30', 3, 'P'),
('B150309CS ', 'CS3002', '2017-07-30', 3, 'P'),
('B150309CS ', 'CS3003', '2017-07-30', 3, 'P'),
('B150309CS ', 'CS3095', '2017-07-30', 3, 'P'),
('B150309CS ', 'CS4021', '2017-07-30', 3, 'P'),
('B150309CS ', 'CS4038', '2017-07-30', 3, 'P'),
('B150309CS ', 'CS4050', '2017-07-30', 3, 'P'),
('B150310CS', 'CS3001', '2017-07-30', 3, 'P'),
('B150310CS', 'CS3002', '2017-07-30', 3, 'P'),
('B150310CS', 'CS3003', '2017-07-30', 3, 'P'),
('B150310CS', 'CS3095', '2017-07-30', 3, 'P'),
('B150310CS', 'CS4021', '2017-07-30', 3, 'P'),
('B150310CS', 'CS4038', '2017-07-30', 3, 'P'),
('B150310CS', 'CS4050', '2017-07-30', 3, 'P'),
('B150334CS', 'CS3001', '2017-07-30', 3, 'P'),
('B150334CS', 'CS3002', '2017-07-30', 3, 'P'),
('B150334CS', 'CS3003', '2017-07-30', 3, 'P'),
('B150334CS', 'CS3095', '2017-07-30', 3, 'P'),
('B150334CS', 'CS4021', '2017-07-30', 3, 'P'),
('B150334CS', 'CS4038', '2017-07-30', 3, 'P'),
('B150334CS', 'CS4050', '2017-07-30', 3, 'P'),
('B150337CS', 'CS3001', '2017-07-30', 3, 'P'),
('B150337CS', 'CS3002', '2017-07-30', 3, 'P'),
('B150337CS', 'CS3003', '2017-07-30', 3, 'P'),
('B150337CS', 'CS3095', '2017-07-30', 3, 'P'),
('B150337CS', 'CS4021', '2017-07-30', 3, 'P'),
('B150337CS', 'CS4038', '2017-07-30', 3, 'P'),
('B150337CS', 'CS4050', '2017-07-30', 3, 'P'),
('B150363CS', 'CS3001', '2017-07-30', 3, 'P'),
('B150363CS', 'CS3002', '2017-07-30', 3, 'P'),
('B150363CS', 'CS3003', '2017-07-30', 3, 'P'),
('B150363CS', 'CS3095', '2017-07-30', 3, 'P'),
('B150363CS', 'CS4021', '2017-07-30', 3, 'P'),
('B150363CS', 'CS4038', '2017-07-30', 3, 'P'),
('B150363CS', 'CS4050', '2017-07-30', 3, 'P'),
('B150372CS', 'CS3001', '2017-07-30', 3, 'P'),
('B150372CS', 'CS3002', '2017-07-30', 3, 'P'),
('B150372CS', 'CS3003', '2017-07-30', 3, 'P'),
('B150372CS', 'CS3095', '2017-07-30', 3, 'P'),
('B150372CS', 'CS4021', '2017-07-30', 3, 'P'),
('B150372CS', 'CS4038', '2017-07-30', 3, 'P'),
('B150372CS', 'CS4050', '2017-07-30', 3, 'P'),
('B150375CS ', 'CS3001', '2017-07-30', 3, 'P'),
('B150375CS ', 'CS3002', '2017-07-30', 3, 'P'),
('B150375CS ', 'CS3003', '2017-07-30', 3, 'P'),
('B150375CS ', 'CS3095', '2017-07-30', 3, 'P'),
('B150375CS ', 'CS4021', '2017-07-30', 3, 'P'),
('B150375CS ', 'CS4038', '2017-07-30', 3, 'P'),
('B150375CS ', 'CS4050', '2017-07-30', 3, 'P'),
('B150398CS ', 'CS3001', '2017-07-30', 3, 'P'),
('B150398CS ', 'CS3002', '2017-07-30', 3, 'P'),
('B150398CS ', 'CS3003', '2017-07-30', 3, 'P'),
('B150398CS ', 'CS3095', '2017-07-30', 3, 'P'),
('B150398CS ', 'CS4021', '2017-07-30', 3, 'P'),
('B150398CS ', 'CS4038', '2017-07-30', 3, 'P'),
('B150398CS ', 'CS4050', '2017-07-30', 3, 'P'),
('B150434CS', 'CS2001', '2017-07-30', 3, 'A'),
('B150434CS', 'CS2002', '2017-07-30', 3, 'A'),
('B150434CS', 'CS3001', '2017-07-30', 3, 'A'),
('B150434CS', 'CS3002', '2017-07-30', 3, 'A'),
('B150434CS', 'CS3003', '2017-07-30', 3, 'A'),
('B150434CS', 'CS3095', '2017-07-30', 3, 'A'),
('B150434CS', 'CS4021', '2017-07-30', 3, 'A'),
('B150434CS', 'CS4038', '2017-07-30', 3, 'A'),
('B150434CS', 'ZZ1004', '2017-07-30', 3, 'A'),
('B150453CS', 'CS3001', '2017-07-30', 3, 'P'),
('B150453CS', 'CS3002', '2017-07-30', 3, 'P'),
('B150453CS', 'CS3003', '2017-07-30', 3, 'P'),
('B150453CS', 'CS3095', '2017-07-30', 3, 'P'),
('B150453CS', 'CS4021', '2017-07-30', 3, 'P'),
('B150453CS', 'CS4038', '2017-07-30', 3, 'P'),
('B150453CS', 'CS4050', '2017-07-30', 3, 'P'),
('B150476CS', 'CS3001', '2017-07-30', 3, 'P'),
('B150476CS', 'CS3002', '2017-07-30', 3, 'P'),
('B150476CS', 'CS3003', '2017-07-30', 3, 'P'),
('B150476CS', 'CS3095', '2017-07-30', 3, 'P'),
('B150476CS', 'CS4021', '2017-07-30', 3, 'P'),
('B150476CS', 'CS4038', '2017-07-30', 3, 'P'),
('B150476CS', 'CS4050', '2017-07-30', 3, 'P'),
('B150496CS ', 'CS3001', '2017-07-30', 3, 'P'),
('B150496CS ', 'CS3002', '2017-07-30', 3, 'P'),
('B150496CS ', 'CS3003', '2017-07-30', 3, 'P'),
('B150496CS ', 'CS3095', '2017-07-30', 3, 'P'),
('B150496CS ', 'CS4021', '2017-07-30', 3, 'P'),
('B150496CS ', 'CS4038', '2017-07-30', 3, 'P'),
('B150496CS ', 'CS4050', '2017-07-30', 3, 'P'),
('B150592CS ', 'CS3001', '2017-07-30', 3, 'P'),
('B150592CS ', 'CS3002', '2017-07-30', 3, 'P'),
('B150592CS ', 'CS3003', '2017-07-30', 3, 'P'),
('B150592CS ', 'CS3095', '2017-07-30', 3, 'P'),
('B150592CS ', 'CS4021', '2017-07-30', 3, 'P'),
('B150592CS ', 'CS4038', '2017-07-30', 3, 'P'),
('B150592CS ', 'CS4050', '2017-07-30', 3, 'P'),
('B150735CS', 'CS3001', '2017-07-30', 3, 'P'),
('B150735CS', 'CS3002', '2017-07-30', 3, 'P'),
('B150735CS', 'CS3003', '2017-07-30', 3, 'P'),
('B150735CS', 'CS3095', '2017-07-30', 3, 'P'),
('B150735CS', 'CS4021', '2017-07-30', 3, 'P'),
('B150735CS', 'CS4038', '2017-07-30', 3, 'P'),
('B150735CS', 'CS4050', '2017-07-30', 3, 'P'),
('B150737CS ', 'CS3001', '2017-07-30', 3, 'P'),
('B150737CS ', 'CS3002', '2017-07-30', 3, 'P'),
('B150737CS ', 'CS3003', '2017-07-30', 3, 'P'),
('B150737CS ', 'CS3095', '2017-07-30', 3, 'P'),
('B150737CS ', 'CS4021', '2017-07-30', 3, 'P'),
('B150737CS ', 'CS4038', '2017-07-30', 3, 'P'),
('B150737CS ', 'CS4050', '2017-07-30', 3, 'P'),
('B150750CS ', 'CS3001', '2017-07-30', 3, 'P'),
('B150750CS ', 'CS3002', '2017-07-30', 3, 'P'),
('B150750CS ', 'CS3003', '2017-07-30', 3, 'P'),
('B150750CS ', 'CS3095', '2017-07-30', 3, 'P'),
('B150750CS ', 'CS4021', '2017-07-30', 3, 'P'),
('B150750CS ', 'CS4038', '2017-07-30', 3, 'P'),
('B150750CS ', 'CS4050', '2017-07-30', 3, 'P'),
(' B150107CS ', 'CS3001', '2017-08-10', 4, 'P'),
(' B150107CS ', 'CS3002', '2017-08-10', 4, 'P'),
(' B150107CS ', 'CS3003', '2017-08-10', 4, 'P'),
(' B150107CS ', 'CS3095', '2017-08-10', 4, 'P'),
(' B150107CS ', 'CS4021', '2017-08-10', 4, 'P'),
(' B150107CS ', 'CS4038', '2017-08-10', 4, 'P'),
(' B150107CS ', 'CS4050', '2017-08-10', 4, 'P'),
('B150063CS ', 'CS3001', '2017-08-10', 4, 'A'),
('B150063CS ', 'CS3002', '2017-08-10', 4, 'A'),
('B150063CS ', 'CS3003', '2017-08-10', 4, 'A'),
('B150063CS ', 'CS3095', '2017-08-10', 4, 'A'),
('B150063CS ', 'CS4021', '2017-08-10', 4, 'A'),
('B150063CS ', 'CS4038', '2017-08-10', 4, 'A'),
('B150063CS ', 'CS4050', '2017-08-10', 4, 'A'),
('B150102CS ', 'CS3001', '2017-08-10', 4, 'P'),
('B150102CS ', 'CS3002', '2017-08-10', 4, 'P'),
('B150102CS ', 'CS3003', '2017-08-10', 4, 'P'),
('B150102CS ', 'CS3095', '2017-08-10', 4, 'P'),
('B150102CS ', 'CS4021', '2017-08-10', 4, 'P'),
('B150102CS ', 'CS4038', '2017-08-10', 4, 'P'),
('B150102CS ', 'CS4050', '2017-08-10', 4, 'P'),
('B150103CS', 'CS3001', '2017-08-10', 4, 'P'),
('B150103CS', 'CS3002', '2017-08-10', 4, 'P'),
('B150103CS', 'CS3003', '2017-08-10', 4, 'P'),
('B150103CS', 'CS3095', '2017-08-10', 4, 'P'),
('B150103CS', 'CS4021', '2017-08-10', 4, 'P'),
('B150103CS', 'CS4038', '2017-08-10', 4, 'P'),
('B150103CS', 'CS4050', '2017-08-10', 4, 'P'),
('B150146CS ', 'CS3001', '2017-08-10', 4, 'P'),
('B150146CS ', 'CS3002', '2017-08-10', 4, 'P'),
('B150146CS ', 'CS3003', '2017-08-10', 4, 'P'),
('B150146CS ', 'CS3095', '2017-08-10', 4, 'P'),
('B150146CS ', 'CS4021', '2017-08-10', 4, 'P'),
('B150146CS ', 'CS4038', '2017-08-10', 4, 'P'),
('B150146CS ', 'CS4050', '2017-08-10', 4, 'P'),
('B150174CS', 'CS3001', '2017-08-10', 4, 'P'),
('B150174CS', 'CS3002', '2017-08-10', 4, 'P'),
('B150174CS', 'CS3003', '2017-08-10', 4, 'P'),
('B150174CS', 'CS3095', '2017-08-10', 4, 'P'),
('B150174CS', 'CS4021', '2017-08-10', 4, 'P'),
('B150174CS', 'CS4038', '2017-08-10', 4, 'P'),
('B150174CS', 'CS4050', '2017-08-10', 4, 'P'),
('B150177CS', 'CS3001', '2017-08-10', 4, 'P'),
('B150177CS', 'CS3002', '2017-08-10', 4, 'P'),
('B150177CS', 'CS3003', '2017-08-10', 4, 'P'),
('B150177CS', 'CS3095', '2017-08-10', 4, 'P'),
('B150177CS', 'CS4021', '2017-08-10', 4, 'P'),
('B150177CS', 'CS4038', '2017-08-10', 4, 'P'),
('B150177CS', 'CS4050', '2017-08-10', 4, 'P'),
('B150196CS ', 'CS3001', '2017-08-10', 4, 'P'),
('B150196CS ', 'CS3002', '2017-08-10', 4, 'P'),
('B150196CS ', 'CS3003', '2017-08-10', 4, 'P'),
('B150196CS ', 'CS3095', '2017-08-10', 4, 'P'),
('B150196CS ', 'CS4021', '2017-08-10', 4, 'P'),
('B150196CS ', 'CS4038', '2017-08-10', 4, 'P'),
('B150196CS ', 'CS4050', '2017-08-10', 4, 'P'),
('B150200CS ', 'CS3001', '2017-08-10', 4, 'P'),
('B150200CS ', 'CS3002', '2017-08-10', 4, 'P'),
('B150200CS ', 'CS3003', '2017-08-10', 4, 'P'),
('B150200CS ', 'CS3095', '2017-08-10', 4, 'P'),
('B150200CS ', 'CS4021', '2017-08-10', 4, 'P'),
('B150200CS ', 'CS4038', '2017-08-10', 4, 'P'),
('B150200CS ', 'CS4050', '2017-08-10', 4, 'P'),
('B150202CS ', 'CS3001', '2017-08-10', 4, 'P'),
('B150202CS ', 'CS3002', '2017-08-10', 4, 'P'),
('B150202CS ', 'CS3003', '2017-08-10', 4, 'P'),
('B150202CS ', 'CS3095', '2017-08-10', 4, 'P'),
('B150202CS ', 'CS4021', '2017-08-10', 4, 'P'),
('B150202CS ', 'CS4038', '2017-08-10', 4, 'P'),
('B150202CS ', 'CS4050', '2017-08-10', 4, 'P'),
('B150221CS ', 'CS3001', '2017-08-10', 4, 'P'),
('B150221CS ', 'CS3002', '2017-08-10', 4, 'P'),
('B150221CS ', 'CS3003', '2017-08-10', 4, 'P'),
('B150221CS ', 'CS3095', '2017-08-10', 4, 'P'),
('B150221CS ', 'CS4021', '2017-08-10', 4, 'P'),
('B150221CS ', 'CS4038', '2017-08-10', 4, 'P'),
('B150221CS ', 'CS4050', '2017-08-10', 4, 'P'),
('B150232CS', 'CS3001', '2017-08-10', 4, 'P'),
('B150232CS', 'CS3002', '2017-08-10', 4, 'P'),
('B150232CS', 'CS3003', '2017-08-10', 4, 'P'),
('B150232CS', 'CS3095', '2017-08-10', 4, 'P'),
('B150232CS', 'CS4021', '2017-08-10', 4, 'P'),
('B150232CS', 'CS4038', '2017-08-10', 4, 'P'),
('B150232CS', 'CS4050', '2017-08-10', 4, 'P'),
('B150263CS', 'CS3001', '2017-08-10', 4, 'P'),
('B150263CS', 'CS3002', '2017-08-10', 4, 'P'),
('B150263CS', 'CS3003', '2017-08-10', 4, 'P'),
('B150263CS', 'CS3095', '2017-08-10', 4, 'P'),
('B150263CS', 'CS4021', '2017-08-10', 4, 'P'),
('B150263CS', 'CS4038', '2017-08-10', 4, 'P'),
('B150263CS', 'CS4050', '2017-08-10', 4, 'P'),
('B150292CS', 'CS3001', '2017-08-10', 4, 'P'),
('B150292CS', 'CS3002', '2017-08-10', 4, 'P'),
('B150292CS', 'CS3003', '2017-08-10', 4, 'P'),
('B150292CS', 'CS3095', '2017-08-10', 4, 'P'),
('B150292CS', 'CS4021', '2017-08-10', 4, 'P'),
('B150292CS', 'CS4038', '2017-08-10', 4, 'P'),
('B150292CS', 'CS4050', '2017-08-10', 4, 'P'),
('B150309CS ', 'CS3001', '2017-08-10', 4, 'P'),
('B150309CS ', 'CS3002', '2017-08-10', 4, 'P'),
('B150309CS ', 'CS3003', '2017-08-10', 4, 'P'),
('B150309CS ', 'CS3095', '2017-08-10', 4, 'P'),
('B150309CS ', 'CS4021', '2017-08-10', 4, 'P'),
('B150309CS ', 'CS4038', '2017-08-10', 4, 'P'),
('B150309CS ', 'CS4050', '2017-08-10', 4, 'P'),
('B150310CS', 'CS3001', '2017-08-10', 4, 'P'),
('B150310CS', 'CS3002', '2017-08-10', 4, 'P'),
('B150310CS', 'CS3003', '2017-08-10', 4, 'P'),
('B150310CS', 'CS3095', '2017-08-10', 4, 'P'),
('B150310CS', 'CS4021', '2017-08-10', 4, 'P'),
('B150310CS', 'CS4038', '2017-08-10', 4, 'P'),
('B150310CS', 'CS4050', '2017-08-10', 4, 'P'),
('B150334CS', 'CS3001', '2017-08-10', 4, 'P'),
('B150334CS', 'CS3002', '2017-08-10', 4, 'P'),
('B150334CS', 'CS3003', '2017-08-10', 4, 'P'),
('B150334CS', 'CS3095', '2017-08-10', 4, 'P'),
('B150334CS', 'CS4021', '2017-08-10', 4, 'P'),
('B150334CS', 'CS4038', '2017-08-10', 4, 'P'),
('B150334CS', 'CS4050', '2017-08-10', 4, 'P'),
('B150337CS', 'CS3001', '2017-08-10', 4, 'P'),
('B150337CS', 'CS3002', '2017-08-10', 4, 'P'),
('B150337CS', 'CS3003', '2017-08-10', 4, 'P'),
('B150337CS', 'CS3095', '2017-08-10', 4, 'P'),
('B150337CS', 'CS4021', '2017-08-10', 4, 'P'),
('B150337CS', 'CS4038', '2017-08-10', 4, 'P'),
('B150337CS', 'CS4050', '2017-08-10', 4, 'P'),
('B150363CS', 'CS3001', '2017-08-10', 4, 'P'),
('B150363CS', 'CS3002', '2017-08-10', 4, 'P'),
('B150363CS', 'CS3003', '2017-08-10', 4, 'P'),
('B150363CS', 'CS3095', '2017-08-10', 4, 'P'),
('B150363CS', 'CS4021', '2017-08-10', 4, 'P'),
('B150363CS', 'CS4038', '2017-08-10', 4, 'P'),
('B150363CS', 'CS4050', '2017-08-10', 4, 'P'),
('B150372CS', 'CS3001', '2017-08-10', 4, 'P'),
('B150372CS', 'CS3002', '2017-08-10', 4, 'P'),
('B150372CS', 'CS3003', '2017-08-10', 4, 'P'),
('B150372CS', 'CS3095', '2017-08-10', 4, 'P'),
('B150372CS', 'CS4021', '2017-08-10', 4, 'P'),
('B150372CS', 'CS4038', '2017-08-10', 4, 'P'),
('B150372CS', 'CS4050', '2017-08-10', 4, 'P'),
('B150375CS ', 'CS3001', '2017-08-10', 4, 'P'),
('B150375CS ', 'CS3002', '2017-08-10', 4, 'P'),
('B150375CS ', 'CS3003', '2017-08-10', 4, 'P'),
('B150375CS ', 'CS3095', '2017-08-10', 4, 'P'),
('B150375CS ', 'CS4021', '2017-08-10', 4, 'P'),
('B150375CS ', 'CS4038', '2017-08-10', 4, 'P'),
('B150375CS ', 'CS4050', '2017-08-10', 4, 'P'),
('B150398CS ', 'CS3001', '2017-08-10', 4, 'P'),
('B150398CS ', 'CS3002', '2017-08-10', 4, 'P'),
('B150398CS ', 'CS3003', '2017-08-10', 4, 'P'),
('B150398CS ', 'CS3095', '2017-08-10', 4, 'P'),
('B150398CS ', 'CS4021', '2017-08-10', 4, 'P'),
('B150398CS ', 'CS4038', '2017-08-10', 4, 'P'),
('B150398CS ', 'CS4050', '2017-08-10', 4, 'P'),
('B150434CS', 'CS2001', '2017-08-10', 4, 'P'),
('B150434CS', 'CS2002', '2017-08-10', 4, 'P'),
('B150434CS', 'CS3001', '2017-08-10', 4, 'P'),
('B150434CS', 'CS3002', '2017-08-10', 4, 'P'),
('B150434CS', 'CS3003', '2017-08-10', 4, 'P'),
('B150434CS', 'CS3095', '2017-08-10', 4, 'P'),
('B150434CS', 'CS4021', '2017-08-10', 4, 'P'),
('B150434CS', 'CS4038', '2017-08-10', 4, 'P'),
('B150434CS', 'ZZ1004', '2017-08-10', 4, 'P'),
('B150453CS', 'CS3001', '2017-08-10', 4, 'P'),
('B150453CS', 'CS3002', '2017-08-10', 4, 'P'),
('B150453CS', 'CS3003', '2017-08-10', 4, 'P'),
('B150453CS', 'CS3095', '2017-08-10', 4, 'P'),
('B150453CS', 'CS4021', '2017-08-10', 4, 'P'),
('B150453CS', 'CS4038', '2017-08-10', 4, 'P'),
('B150453CS', 'CS4050', '2017-08-10', 4, 'P'),
('B150476CS', 'CS3001', '2017-08-10', 4, 'P'),
('B150476CS', 'CS3002', '2017-08-10', 4, 'P'),
('B150476CS', 'CS3003', '2017-08-10', 4, 'P'),
('B150476CS', 'CS3095', '2017-08-10', 4, 'P'),
('B150476CS', 'CS4021', '2017-08-10', 4, 'P'),
('B150476CS', 'CS4038', '2017-08-10', 4, 'P'),
('B150476CS', 'CS4050', '2017-08-10', 4, 'P'),
('B150496CS ', 'CS3001', '2017-08-10', 4, 'P'),
('B150496CS ', 'CS3002', '2017-08-10', 4, 'P'),
('B150496CS ', 'CS3003', '2017-08-10', 4, 'P'),
('B150496CS ', 'CS3095', '2017-08-10', 4, 'P'),
('B150496CS ', 'CS4021', '2017-08-10', 4, 'P'),
('B150496CS ', 'CS4038', '2017-08-10', 4, 'P'),
('B150496CS ', 'CS4050', '2017-08-10', 4, 'P'),
('B150592CS ', 'CS3001', '2017-08-10', 4, 'P'),
('B150592CS ', 'CS3002', '2017-08-10', 4, 'P'),
('B150592CS ', 'CS3003', '2017-08-10', 4, 'P'),
('B150592CS ', 'CS3095', '2017-08-10', 4, 'P'),
('B150592CS ', 'CS4021', '2017-08-10', 4, 'P'),
('B150592CS ', 'CS4038', '2017-08-10', 4, 'P'),
('B150592CS ', 'CS4050', '2017-08-10', 4, 'P'),
('B150735CS', 'CS3001', '2017-08-10', 4, 'P'),
('B150735CS', 'CS3002', '2017-08-10', 4, 'P'),
('B150735CS', 'CS3003', '2017-08-10', 4, 'P'),
('B150735CS', 'CS3095', '2017-08-10', 4, 'P'),
('B150735CS', 'CS4021', '2017-08-10', 4, 'P'),
('B150735CS', 'CS4038', '2017-08-10', 4, 'P'),
('B150735CS', 'CS4050', '2017-08-10', 4, 'P'),
('B150737CS ', 'CS3001', '2017-08-10', 4, 'P'),
('B150737CS ', 'CS3002', '2017-08-10', 4, 'P'),
('B150737CS ', 'CS3003', '2017-08-10', 4, 'P'),
('B150737CS ', 'CS3095', '2017-08-10', 4, 'P'),
('B150737CS ', 'CS4021', '2017-08-10', 4, 'P'),
('B150737CS ', 'CS4038', '2017-08-10', 4, 'P'),
('B150737CS ', 'CS4050', '2017-08-10', 4, 'P'),
('B150750CS ', 'CS3001', '2017-08-10', 4, 'P'),
('B150750CS ', 'CS3002', '2017-08-10', 4, 'P'),
('B150750CS ', 'CS3003', '2017-08-10', 4, 'P'),
('B150750CS ', 'CS3095', '2017-08-10', 4, 'P'),
('B150750CS ', 'CS4021', '2017-08-10', 4, 'P'),
('B150750CS ', 'CS4038', '2017-08-10', 4, 'P'),
('B150750CS ', 'CS4050', '2017-08-10', 4, 'P'),
(' B150107CS ', 'CS3001', '2017-08-20', 5, 'P'),
(' B150107CS ', 'CS3002', '2017-08-20', 5, 'P'),
(' B150107CS ', 'CS3003', '2017-08-20', 5, 'P'),
(' B150107CS ', 'CS3095', '2017-08-20', 5, 'P'),
(' B150107CS ', 'CS4021', '2017-08-20', 5, 'P'),
(' B150107CS ', 'CS4038', '2017-08-20', 5, 'P'),
(' B150107CS ', 'CS4050', '2017-08-20', 5, 'P'),
('B150063CS ', 'CS3001', '2017-08-20', 5, 'A'),
('B150063CS ', 'CS3002', '2017-08-20', 5, 'A'),
('B150063CS ', 'CS3003', '2017-08-20', 5, 'A'),
('B150063CS ', 'CS3095', '2017-08-20', 5, 'A'),
('B150063CS ', 'CS4021', '2017-08-20', 5, 'A'),
('B150063CS ', 'CS4038', '2017-08-20', 5, 'A'),
('B150063CS ', 'CS4050', '2017-08-20', 5, 'A'),
('B150102CS ', 'CS3001', '2017-08-20', 5, 'P'),
('B150102CS ', 'CS3002', '2017-08-20', 5, 'P'),
('B150102CS ', 'CS3003', '2017-08-20', 5, 'P'),
('B150102CS ', 'CS3095', '2017-08-20', 5, 'P'),
('B150102CS ', 'CS4021', '2017-08-20', 5, 'P'),
('B150102CS ', 'CS4038', '2017-08-20', 5, 'P'),
('B150102CS ', 'CS4050', '2017-08-20', 5, 'P'),
('B150103CS', 'CS3001', '2017-08-20', 5, 'P'),
('B150103CS', 'CS3002', '2017-08-20', 5, 'P'),
('B150103CS', 'CS3003', '2017-08-20', 5, 'P'),
('B150103CS', 'CS3095', '2017-08-20', 5, 'P'),
('B150103CS', 'CS4021', '2017-08-20', 5, 'P'),
('B150103CS', 'CS4038', '2017-08-20', 5, 'P'),
('B150103CS', 'CS4050', '2017-08-20', 5, 'P'),
('B150146CS ', 'CS3001', '2017-08-20', 5, 'P'),
('B150146CS ', 'CS3002', '2017-08-20', 5, 'P'),
('B150146CS ', 'CS3003', '2017-08-20', 5, 'P'),
('B150146CS ', 'CS3095', '2017-08-20', 5, 'P'),
('B150146CS ', 'CS4021', '2017-08-20', 5, 'P'),
('B150146CS ', 'CS4038', '2017-08-20', 5, 'P'),
('B150146CS ', 'CS4050', '2017-08-20', 5, 'P'),
('B150174CS', 'CS3001', '2017-08-20', 5, 'P'),
('B150174CS', 'CS3002', '2017-08-20', 5, 'P'),
('B150174CS', 'CS3003', '2017-08-20', 5, 'P'),
('B150174CS', 'CS3095', '2017-08-20', 5, 'P'),
('B150174CS', 'CS4021', '2017-08-20', 5, 'P'),
('B150174CS', 'CS4038', '2017-08-20', 5, 'P'),
('B150174CS', 'CS4050', '2017-08-20', 5, 'P'),
('B150177CS', 'CS3001', '2017-08-20', 5, 'P'),
('B150177CS', 'CS3002', '2017-08-20', 5, 'P'),
('B150177CS', 'CS3003', '2017-08-20', 5, 'P'),
('B150177CS', 'CS3095', '2017-08-20', 5, 'P'),
('B150177CS', 'CS4021', '2017-08-20', 5, 'P'),
('B150177CS', 'CS4038', '2017-08-20', 5, 'P'),
('B150177CS', 'CS4050', '2017-08-20', 5, 'P'),
('B150196CS ', 'CS3001', '2017-08-20', 5, 'P'),
('B150196CS ', 'CS3002', '2017-08-20', 5, 'P'),
('B150196CS ', 'CS3003', '2017-08-20', 5, 'P'),
('B150196CS ', 'CS3095', '2017-08-20', 5, 'P'),
('B150196CS ', 'CS4021', '2017-08-20', 5, 'P'),
('B150196CS ', 'CS4038', '2017-08-20', 5, 'P'),
('B150196CS ', 'CS4050', '2017-08-20', 5, 'P'),
('B150200CS ', 'CS3001', '2017-08-20', 5, 'A'),
('B150200CS ', 'CS3002', '2017-08-20', 5, 'A'),
('B150200CS ', 'CS3003', '2017-08-20', 5, 'A'),
('B150200CS ', 'CS3095', '2017-08-20', 5, 'A'),
('B150200CS ', 'CS4021', '2017-08-20', 5, 'A'),
('B150200CS ', 'CS4038', '2017-08-20', 5, 'A'),
('B150200CS ', 'CS4050', '2017-08-20', 5, 'A'),
('B150202CS ', 'CS3001', '2017-08-20', 5, 'P'),
('B150202CS ', 'CS3002', '2017-08-20', 5, 'P'),
('B150202CS ', 'CS3003', '2017-08-20', 5, 'P'),
('B150202CS ', 'CS3095', '2017-08-20', 5, 'P'),
('B150202CS ', 'CS4021', '2017-08-20', 5, 'P'),
('B150202CS ', 'CS4038', '2017-08-20', 5, 'P'),
('B150202CS ', 'CS4050', '2017-08-20', 5, 'P'),
('B150221CS ', 'CS3001', '2017-08-20', 5, 'P'),
('B150221CS ', 'CS3002', '2017-08-20', 5, 'P'),
('B150221CS ', 'CS3003', '2017-08-20', 5, 'P'),
('B150221CS ', 'CS3095', '2017-08-20', 5, 'P'),
('B150221CS ', 'CS4021', '2017-08-20', 5, 'P'),
('B150221CS ', 'CS4038', '2017-08-20', 5, 'P'),
('B150221CS ', 'CS4050', '2017-08-20', 5, 'P'),
('B150232CS', 'CS3001', '2017-08-20', 5, 'P'),
('B150232CS', 'CS3002', '2017-08-20', 5, 'P'),
('B150232CS', 'CS3003', '2017-08-20', 5, 'P'),
('B150232CS', 'CS3095', '2017-08-20', 5, 'P'),
('B150232CS', 'CS4021', '2017-08-20', 5, 'P'),
('B150232CS', 'CS4038', '2017-08-20', 5, 'P'),
('B150232CS', 'CS4050', '2017-08-20', 5, 'P'),
('B150263CS', 'CS3001', '2017-08-20', 5, 'P'),
('B150263CS', 'CS3002', '2017-08-20', 5, 'P'),
('B150263CS', 'CS3003', '2017-08-20', 5, 'P'),
('B150263CS', 'CS3095', '2017-08-20', 5, 'P'),
('B150263CS', 'CS4021', '2017-08-20', 5, 'P'),
('B150263CS', 'CS4038', '2017-08-20', 5, 'P'),
('B150263CS', 'CS4050', '2017-08-20', 5, 'P'),
('B150292CS', 'CS3001', '2017-08-20', 5, 'A'),
('B150292CS', 'CS3002', '2017-08-20', 5, 'A'),
('B150292CS', 'CS3003', '2017-08-20', 5, 'A'),
('B150292CS', 'CS3095', '2017-08-20', 5, 'A'),
('B150292CS', 'CS4021', '2017-08-20', 5, 'A'),
('B150292CS', 'CS4038', '2017-08-20', 5, 'A'),
('B150292CS', 'CS4050', '2017-08-20', 5, 'A'),
('B150309CS ', 'CS3001', '2017-08-20', 5, 'P'),
('B150309CS ', 'CS3002', '2017-08-20', 5, 'P'),
('B150309CS ', 'CS3003', '2017-08-20', 5, 'P'),
('B150309CS ', 'CS3095', '2017-08-20', 5, 'P'),
('B150309CS ', 'CS4021', '2017-08-20', 5, 'P'),
('B150309CS ', 'CS4038', '2017-08-20', 5, 'P'),
('B150309CS ', 'CS4050', '2017-08-20', 5, 'P'),
('B150310CS', 'CS3001', '2017-08-20', 5, 'P'),
('B150310CS', 'CS3002', '2017-08-20', 5, 'P'),
('B150310CS', 'CS3003', '2017-08-20', 5, 'P'),
('B150310CS', 'CS3095', '2017-08-20', 5, 'P'),
('B150310CS', 'CS4021', '2017-08-20', 5, 'P'),
('B150310CS', 'CS4038', '2017-08-20', 5, 'P'),
('B150310CS', 'CS4050', '2017-08-20', 5, 'P'),
('B150334CS', 'CS3001', '2017-08-20', 5, 'P'),
('B150334CS', 'CS3002', '2017-08-20', 5, 'P'),
('B150334CS', 'CS3003', '2017-08-20', 5, 'P'),
('B150334CS', 'CS3095', '2017-08-20', 5, 'P'),
('B150334CS', 'CS4021', '2017-08-20', 5, 'P'),
('B150334CS', 'CS4038', '2017-08-20', 5, 'P'),
('B150334CS', 'CS4050', '2017-08-20', 5, 'P'),
('B150337CS', 'CS3001', '2017-08-20', 5, 'P'),
('B150337CS', 'CS3002', '2017-08-20', 5, 'P'),
('B150337CS', 'CS3003', '2017-08-20', 5, 'P'),
('B150337CS', 'CS3095', '2017-08-20', 5, 'P'),
('B150337CS', 'CS4021', '2017-08-20', 5, 'P'),
('B150337CS', 'CS4038', '2017-08-20', 5, 'P'),
('B150337CS', 'CS4050', '2017-08-20', 5, 'P'),
('B150363CS', 'CS3001', '2017-08-20', 5, 'P'),
('B150363CS', 'CS3002', '2017-08-20', 5, 'P'),
('B150363CS', 'CS3003', '2017-08-20', 5, 'P'),
('B150363CS', 'CS3095', '2017-08-20', 5, 'P'),
('B150363CS', 'CS4021', '2017-08-20', 5, 'P'),
('B150363CS', 'CS4038', '2017-08-20', 5, 'P'),
('B150363CS', 'CS4050', '2017-08-20', 5, 'P'),
('B150372CS', 'CS3001', '2017-08-20', 5, 'P'),
('B150372CS', 'CS3002', '2017-08-20', 5, 'P'),
('B150372CS', 'CS3003', '2017-08-20', 5, 'P'),
('B150372CS', 'CS3095', '2017-08-20', 5, 'P'),
('B150372CS', 'CS4021', '2017-08-20', 5, 'P'),
('B150372CS', 'CS4038', '2017-08-20', 5, 'P'),
('B150372CS', 'CS4050', '2017-08-20', 5, 'P'),
('B150375CS ', 'CS3001', '2017-08-20', 5, 'P'),
('B150375CS ', 'CS3002', '2017-08-20', 5, 'P'),
('B150375CS ', 'CS3003', '2017-08-20', 5, 'P'),
('B150375CS ', 'CS3095', '2017-08-20', 5, 'P'),
('B150375CS ', 'CS4021', '2017-08-20', 5, 'P'),
('B150375CS ', 'CS4038', '2017-08-20', 5, 'P'),
('B150375CS ', 'CS4050', '2017-08-20', 5, 'P'),
('B150398CS ', 'CS3001', '2017-08-20', 5, 'P'),
('B150398CS ', 'CS3002', '2017-08-20', 5, 'P'),
('B150398CS ', 'CS3003', '2017-08-20', 5, 'P'),
('B150398CS ', 'CS3095', '2017-08-20', 5, 'P'),
('B150398CS ', 'CS4021', '2017-08-20', 5, 'P'),
('B150398CS ', 'CS4038', '2017-08-20', 5, 'P'),
('B150398CS ', 'CS4050', '2017-08-20', 5, 'P'),
('B150434CS', 'CS2001', '2017-08-20', 5, 'A'),
('B150434CS', 'CS2002', '2017-08-20', 5, 'A'),
('B150434CS', 'CS3001', '2017-08-20', 5, 'A'),
('B150434CS', 'CS3002', '2017-08-20', 5, 'A'),
('B150434CS', 'CS3003', '2017-08-20', 5, 'A'),
('B150434CS', 'CS3095', '2017-08-20', 5, 'A'),
('B150434CS', 'CS4021', '2017-08-20', 5, 'A'),
('B150434CS', 'CS4038', '2017-08-20', 5, 'A'),
('B150434CS', 'ZZ1004', '2017-08-20', 5, 'A'),
('B150453CS', 'CS3001', '2017-08-20', 5, 'P'),
('B150453CS', 'CS3002', '2017-08-20', 5, 'P'),
('B150453CS', 'CS3003', '2017-08-20', 5, 'P'),
('B150453CS', 'CS3095', '2017-08-20', 5, 'P'),
('B150453CS', 'CS4021', '2017-08-20', 5, 'P'),
('B150453CS', 'CS4038', '2017-08-20', 5, 'P'),
('B150453CS', 'CS4050', '2017-08-20', 5, 'P'),
('B150476CS', 'CS3001', '2017-08-20', 5, 'A'),
('B150476CS', 'CS3002', '2017-08-20', 5, 'A'),
('B150476CS', 'CS3003', '2017-08-20', 5, 'A'),
('B150476CS', 'CS3095', '2017-08-20', 5, 'A'),
('B150476CS', 'CS4021', '2017-08-20', 5, 'A'),
('B150476CS', 'CS4038', '2017-08-20', 5, 'A'),
('B150476CS', 'CS4050', '2017-08-20', 5, 'A'),
('B150496CS ', 'CS3001', '2017-08-20', 5, 'P'),
('B150496CS ', 'CS3002', '2017-08-20', 5, 'P'),
('B150496CS ', 'CS3003', '2017-08-20', 5, 'P'),
('B150496CS ', 'CS3095', '2017-08-20', 5, 'P'),
('B150496CS ', 'CS4021', '2017-08-20', 5, 'P'),
('B150496CS ', 'CS4038', '2017-08-20', 5, 'P'),
('B150496CS ', 'CS4050', '2017-08-20', 5, 'P'),
('B150592CS ', 'CS3001', '2017-08-20', 5, 'P'),
('B150592CS ', 'CS3002', '2017-08-20', 5, 'P'),
('B150592CS ', 'CS3003', '2017-08-20', 5, 'P'),
('B150592CS ', 'CS3095', '2017-08-20', 5, 'P'),
('B150592CS ', 'CS4021', '2017-08-20', 5, 'P'),
('B150592CS ', 'CS4038', '2017-08-20', 5, 'P'),
('B150592CS ', 'CS4050', '2017-08-20', 5, 'P'),
('B150735CS', 'CS3001', '2017-08-20', 5, 'P'),
('B150735CS', 'CS3002', '2017-08-20', 5, 'P'),
('B150735CS', 'CS3003', '2017-08-20', 5, 'P'),
('B150735CS', 'CS3095', '2017-08-20', 5, 'P'),
('B150735CS', 'CS4021', '2017-08-20', 5, 'P'),
('B150735CS', 'CS4038', '2017-08-20', 5, 'P'),
('B150735CS', 'CS4050', '2017-08-20', 5, 'P'),
('B150737CS ', 'CS3001', '2017-08-20', 5, 'P'),
('B150737CS ', 'CS3002', '2017-08-20', 5, 'P'),
('B150737CS ', 'CS3003', '2017-08-20', 5, 'P'),
('B150737CS ', 'CS3095', '2017-08-20', 5, 'P'),
('B150737CS ', 'CS4021', '2017-08-20', 5, 'P'),
('B150737CS ', 'CS4038', '2017-08-20', 5, 'P'),
('B150737CS ', 'CS4050', '2017-08-20', 5, 'P'),
('B150750CS ', 'CS3001', '2017-08-20', 5, 'P'),
('B150750CS ', 'CS3002', '2017-08-20', 5, 'P'),
('B150750CS ', 'CS3003', '2017-08-20', 5, 'P'),
('B150750CS ', 'CS3095', '2017-08-20', 5, 'P'),
('B150750CS ', 'CS4021', '2017-08-20', 5, 'P'),
('B150750CS ', 'CS4038', '2017-08-20', 5, 'P'),
('B150750CS ', 'CS4050', '2017-08-20', 5, 'P');

-- --------------------------------------------------------

--
-- Table structure for table `check_out`
--

CREATE TABLE `check_out` (
  `sid` varchar(45) NOT NULL,
  `bid` varchar(45) NOT NULL,
  `due_date` date NOT NULL
) ENGINE=MyISAM DEFAULT CHARSET=latin1;

--
-- Dumping data for table `check_out`
--

INSERT INTO `check_out` (`sid`, `bid`, `due_date`) VALUES
('B150177CS', 'B02', '2017-10-20'),
('B150177CS', 'B07', '2017-10-20'),
('B150177CS', 'B10', '2017-10-20'),
('B150334CS', 'B02', '2017-11-01'),
('B150334CS', 'B09', '2017-11-15'),
('B150496CS', 'B01', '2017-12-19'),
('B150496CS', 'B08', '2017-12-19'),
('B150496CS', 'B04', '2017-12-19'),
('B150202CS', 'B02', '2017-10-20'),
('B150102CS', 'B01', '2017-10-20'),
('B150102CS', 'B02', '2017-10-20'),
('B150102CS', 'B03', '2017-10-20');

-- --------------------------------------------------------

--
-- Table structure for table `course`
--

CREATE TABLE `course` (
  `id` varchar(45) NOT NULL,
  `name` varchar(255) NOT NULL
) ENGINE=MyISAM DEFAULT CHARSET=latin1;

--
-- Dumping data for table `course`
--

INSERT INTO `course` (`id`, `name`) VALUES
('MA1001', 'Mathematics I'),
('CY1001', 'Chemistry'),
('MS1001', 'Professional Communication'),
('ZZ1001', 'Engineering Mechanics'),
('ZZ1004', 'Computer Programming'),
('ZZ1092', 'Workshop II'),
('PY1094', 'Chemistry Laboratory'),
('ZZ1094', 'Physical Education'),
('PH1001', 'Physics'),
('EE1001', 'Electrical Sciences'),
('ZZ1002', 'Engineering Graphics'),
('CS1001', 'Foundations of Computing'),
('ZZ1091', 'Workshop I'),
('PH1091', 'Physics Laboratory'),
('MA1002', 'Mathematics II'),
('MA2001', 'Mathematics III'),
('CS2001', 'Logic Design'),
('CS2002', 'Foundations of Programming'),
('EC2014', 'Signals and Systems'),
('CS2091', 'Logic Design Laboratory'),
('CS2092', 'Programming Laboratory'),
('ZZ1095', 'National Service Scheme'),
('MA2002', 'Mathematics IV'),
('CS2004', 'Computer Organization'),
('CS2005', 'Data Structures and Algorithms'),
('CS2006', 'Discrete Structures'),
('CS2093', 'Hardware Laboratory'),
('CS2094', 'Data Structures Laboratory'),
('ZZ1093', 'Value Education'),
('CS3001', 'Theory of Computation'),
('CS3002', 'Database Management Systems'),
('CS3003', 'Operating Systems'),
('CS4021', 'Number Theory and Cryptography'),
('CS4038', 'Data Mining'),
('CS4050', 'Design and Analysis of Algorithms'),
('CS3095', 'Database Management Systems Laboratory');

-- --------------------------------------------------------

--
-- Table structure for table `enroll`
--

CREATE TABLE `enroll` (
  `sid` varchar(45) NOT NULL,
  `cid` varchar(45) NOT NULL,
  `sem` varchar(255) NOT NULL,
  `T1` float NOT NULL,
  `T2` float NOT NULL,
  `assignment` float NOT NULL,
  `end_sem` float NOT NULL,
  `total` float NOT NULL,
  `grade` int(11) NOT NULL
) ENGINE=MyISAM DEFAULT CHARSET=latin1;

--
-- Dumping data for table `enroll`
--

INSERT INTO `enroll` (`sid`, `cid`, `sem`, `T1`, `T2`, `assignment`, `end_sem`, `total`, `grade`) VALUES
('B150174CS', 'CS1001', '2015-16 Winter Semester', 15, 18, 20, 35, 88, 9),
('B150177CS', 'CS1001', '2015-16 Winter Semester', 15, 18, 20, 35, 88, 9),
('B150453CS', 'CS1001', '2015-16 Winter Semester', 20, 12, 15, 30, 77, 8),
('B150337CS', 'CS1001', '2015-16 Winter Semester', 20, 12, 15, 30, 77, 8),
('B150334CS', 'CS1001', '2015-16 Winter Semester', 20, 12, 15, 30, 77, 8),
('B150200CS ', 'CS1001', '2015-16 Winter Semester', 15, 18, 20, 35, 88, 9),
('B150196CS ', 'CS1001', '2015-16 Winter Semester', 15, 18, 20, 35, 88, 9),
('B150063CS ', 'CS1001', '2015-16 Winter Semester', 15, 18, 20, 35, 88, 9),
('B150476CS', 'CS1001', '2015-16 Winter Semester', 20, 12, 15, 30, 77, 8),
('B150375CS ', 'CS1001', '2015-16 Winter Semester', 20, 12, 15, 30, 77, 8),
('B150363CS', 'CS1001', '2015-16 Winter Semester', 20, 12, 15, 30, 77, 8),
('B150398CS ', 'CS1001', '2015-16 Winter Semester', 20, 12, 15, 30, 77, 8),
('B150735CS', 'CS1001', '2015-16 Winter Semester', 20, 12, 15, 30, 77, 8),
('B150232CS', 'CS1001', '2015-16 Winter Semester', 15, 18, 20, 35, 88, 9),
('B150737CS ', 'CS1001', '2015-16 Winter Semester', 20, 12, 15, 30, 77, 8),
('B150496CS ', 'CS1001', '2015-16 Winter Semester', 20, 12, 15, 30, 77, 8),
(' B150107CS ', 'CS1001', '2015-16 Winter Semester', 15, 18, 20, 35, 88, 9),
('B150592CS ', 'CS1001', '2015-16 Winter Semester', 20, 12, 15, 30, 77, 8),
('B150310CS', 'CS1001', '2015-16 Winter Semester', 20, 12, 15, 30, 77, 8),
('B150202CS ', 'CS1001', '2015-16 Winter Semester', 15, 18, 20, 35, 88, 9),
('B150309CS ', 'CS1001', '2015-16 Winter Semester', 20, 12, 15, 30, 77, 8),
('B150221CS ', 'CS1001', '2015-16 Winter Semester', 15, 18, 20, 35, 88, 9),
('B150146CS ', 'CS1001', '2015-16 Winter Semester', 15, 18, 20, 35, 88, 9),
('B150750CS ', 'CS1001', '2015-16 Winter Semester', 20, 12, 15, 30, 77, 8),
('B150263CS', 'CS1001', '2015-16 Winter Semester', 15, 18, 20, 35, 88, 9),
('B150292CS', 'CS1001', '2015-16 Winter Semester', 20, 12, 15, 30, 77, 8),
('B150103CS', 'CS1001', '2015-16 Winter Semester', 15, 18, 20, 35, 88, 9),
('B150372CS', 'CS1001', '2015-16 Winter Semester', 20, 12, 15, 30, 77, 8),
('B150102CS ', 'CS1001', '2015-16 Winter Semester', 15, 18, 20, 35, 88, 9),
('B150434CS', 'CS1001', '2015-16 Winter Semester', 20, 12, 15, 30, 77, 8),
('B150174CS', 'CS2001', '2016 Monsoon Semester', 15, 18, 20, 35, 88, 9),
('B150177CS', 'CS2001', '2016 Monsoon Semester', 15, 18, 20, 35, 88, 9),
('B150453CS', 'CS2001', '2016 Monsoon Semester', 20, 12, 15, 30, 77, 8),
('B150337CS', 'CS2001', '2016 Monsoon Semester', 20, 12, 15, 30, 77, 8),
('B150334CS', 'CS2001', '2016 Monsoon Semester', 20, 12, 15, 30, 77, 8),
('B150200CS ', 'CS2001', '2016 Monsoon Semester', 15, 18, 20, 35, 88, 9),
('B150196CS ', 'CS2001', '2016 Monsoon Semester', 15, 18, 20, 35, 88, 9),
('B150063CS ', 'CS2001', '2016 Monsoon Semester', 15, 18, 20, 35, 88, 9),
('B150476CS', 'CS2001', '2016 Monsoon Semester', 20, 12, 15, 30, 77, 8),
('B150375CS ', 'CS2001', '2016 Monsoon Semester', 20, 12, 15, 30, 77, 8),
('B150363CS', 'CS2001', '2016 Monsoon Semester', 20, 12, 15, 30, 77, 8),
('B150398CS ', 'CS2001', '2016 Monsoon Semester', 20, 12, 15, 30, 77, 8),
('B150735CS', 'CS2001', '2016 Monsoon Semester', 20, 12, 15, 30, 77, 8),
('B150232CS', 'CS2001', '2016 Monsoon Semester', 15, 18, 20, 35, 88, 9),
('B150737CS ', 'CS2001', '2016 Monsoon Semester', 20, 12, 15, 30, 77, 8),
('B150496CS ', 'CS2001', '2016 Monsoon Semester', 20, 12, 15, 30, 77, 8),
(' B150107CS ', 'CS2001', '2016 Monsoon Semester', 15, 18, 20, 35, 88, 9),
('B150592CS ', 'CS2001', '2016 Monsoon Semester', 20, 12, 15, 30, 77, 8),
('B150310CS', 'CS2001', '2016 Monsoon Semester', 20, 12, 15, 30, 77, 8),
('B150202CS ', 'CS2001', '2016 Monsoon Semester', 15, 18, 20, 35, 88, 9),
('B150309CS ', 'CS2001', '2016 Monsoon Semester', 20, 12, 15, 30, 77, 8),
('B150221CS ', 'CS2001', '2016 Monsoon Semester', 15, 18, 20, 35, 88, 9),
('B150146CS ', 'CS2001', '2016 Monsoon Semester', 15, 18, 20, 35, 88, 9),
('B150750CS ', 'CS2001', '2016 Monsoon Semester', 20, 12, 15, 30, 77, 8),
('B150263CS', 'CS2001', '2016 Monsoon Semester', 15, 18, 20, 35, 88, 9),
('B150292CS', 'CS2001', '2016 Monsoon Semester', 20, 12, 15, 30, 77, 8),
('B150103CS', 'CS2001', '2016 Monsoon Semester', 15, 18, 20, 35, 88, 9),
('B150372CS', 'CS2001', '2016 Monsoon Semester', 20, 12, 15, 30, 77, 8),
('B150102CS ', 'CS2001', '2016 Monsoon Semester', 15, 18, 20, 35, 88, 9),
('B150434CS', 'CS2001', '2016 Monsoon Semester', 20, 12, 15, 30, 77, 8),
('B150174CS', 'CS2002', '2016 Monsoon Semester', 15, 18, 20, 35, 88, 9),
('B150177CS', 'CS2002', '2016 Monsoon Semester', 15, 18, 20, 35, 88, 9),
('B150453CS', 'CS2002', '2016 Monsoon Semester', 20, 12, 15, 30, 77, 8),
('B150337CS', 'CS2002', '2016 Monsoon Semester', 20, 12, 15, 30, 77, 8),
('B150334CS', 'CS2002', '2016 Monsoon Semester', 20, 12, 15, 30, 77, 8),
('B150200CS ', 'CS2002', '2016 Monsoon Semester', 15, 18, 20, 35, 88, 9),
('B150196CS ', 'CS2002', '2016 Monsoon Semester', 15, 18, 20, 35, 88, 9),
('B150063CS ', 'CS2002', '2016 Monsoon Semester', 15, 18, 20, 35, 88, 9),
('B150476CS', 'CS2002', '2016 Monsoon Semester', 20, 12, 15, 30, 77, 8),
('B150375CS ', 'CS2002', '2016 Monsoon Semester', 20, 12, 15, 30, 77, 8),
('B150363CS', 'CS2002', '2016 Monsoon Semester', 20, 12, 15, 30, 77, 8),
('B150398CS ', 'CS2002', '2016 Monsoon Semester', 20, 12, 15, 30, 77, 8),
('B150735CS', 'CS2002', '2016 Monsoon Semester', 20, 12, 15, 30, 77, 8),
('B150232CS', 'CS2002', '2016 Monsoon Semester', 15, 18, 20, 35, 88, 9),
('B150737CS ', 'CS2002', '2016 Monsoon Semester', 20, 12, 15, 30, 77, 8),
('B150496CS ', 'CS2002', '2016 Monsoon Semester', 20, 12, 15, 30, 77, 8),
(' B150107CS ', 'CS2002', '2016 Monsoon Semester', 15, 18, 20, 35, 88, 9),
('B150592CS ', 'CS2002', '2016 Monsoon Semester', 20, 12, 15, 30, 77, 8),
('B150310CS', 'CS2002', '2016 Monsoon Semester', 20, 12, 15, 30, 77, 8),
('B150202CS ', 'CS2002', '2016 Monsoon Semester', 15, 18, 20, 35, 88, 9),
('B150309CS ', 'CS2002', '2016 Monsoon Semester', 20, 12, 15, 30, 77, 8),
('B150221CS ', 'CS2002', '2016 Monsoon Semester', 15, 18, 20, 35, 88, 9),
('B150146CS ', 'CS2002', '2016 Monsoon Semester', 15, 18, 20, 35, 88, 9),
('B150750CS ', 'CS2002', '2016 Monsoon Semester', 20, 12, 15, 30, 77, 8),
('B150263CS', 'CS2002', '2016 Monsoon Semester', 15, 18, 20, 35, 88, 9),
('B150292CS', 'CS2002', '2016 Monsoon Semester', 20, 12, 15, 30, 77, 8),
('B150103CS', 'CS2002', '2016 Monsoon Semester', 15, 18, 20, 35, 88, 9),
('B150372CS', 'CS2002', '2016 Monsoon Semester', 20, 12, 15, 30, 77, 8),
('B150102CS ', 'CS2002', '2016 Monsoon Semester', 15, 18, 20, 35, 88, 9),
('B150434CS', 'CS2002', '2016 Monsoon Semester', 20, 12, 15, 30, 77, 8),
('B150174CS', 'CS2004', '2016-17 Winter Semester', 15, 18, 20, 35, 88, 9),
('B150177CS', 'CS2004', '2016-17 Winter Semester', 15, 18, 20, 35, 88, 9),
('B150453CS', 'CS2004', '2016-17 Winter Semester', 20, 12, 15, 30, 77, 8),
('B150337CS', 'CS2004', '2016-17 Winter Semester', 20, 12, 15, 30, 77, 8),
('B150334CS', 'CS2004', '2016-17 Winter Semester', 20, 12, 15, 30, 77, 8),
('B150200CS ', 'CS2004', '2016-17 Winter Semester', 15, 18, 20, 35, 88, 9),
('B150196CS ', 'CS2004', '2016-17 Winter Semester', 15, 18, 20, 35, 88, 9),
('B150063CS ', 'CS2004', '2016-17 Winter Semester', 15, 18, 20, 35, 88, 9),
('B150476CS', 'CS2004', '2016-17 Winter Semester', 20, 12, 15, 30, 77, 8),
('B150375CS ', 'CS2004', '2016-17 Winter Semester', 20, 12, 15, 30, 77, 8),
('B150363CS', 'CS2004', '2016-17 Winter Semester', 20, 12, 15, 30, 77, 8),
('B150398CS ', 'CS2004', '2016-17 Winter Semester', 20, 12, 15, 30, 77, 8),
('B150735CS', 'CS2004', '2016-17 Winter Semester', 20, 12, 15, 30, 77, 8),
('B150232CS', 'CS2004', '2016-17 Winter Semester', 15, 18, 20, 35, 88, 9),
('B150737CS ', 'CS2004', '2016-17 Winter Semester', 20, 12, 15, 30, 77, 8),
('B150496CS ', 'CS2004', '2016-17 Winter Semester', 20, 12, 15, 30, 77, 8),
(' B150107CS ', 'CS2004', '2016-17 Winter Semester', 15, 18, 20, 35, 88, 9),
('B150592CS ', 'CS2004', '2016-17 Winter Semester', 20, 12, 15, 30, 77, 8),
('B150310CS', 'CS2004', '2016-17 Winter Semester', 20, 12, 15, 30, 77, 8),
('B150202CS ', 'CS2004', '2016-17 Winter Semester', 15, 18, 20, 35, 88, 9),
('B150309CS ', 'CS2004', '2016-17 Winter Semester', 20, 12, 15, 30, 77, 8),
('B150221CS ', 'CS2004', '2016-17 Winter Semester', 15, 18, 20, 35, 88, 9),
('B150146CS ', 'CS2004', '2016-17 Winter Semester', 15, 18, 20, 35, 88, 9),
('B150750CS ', 'CS2004', '2016-17 Winter Semester', 20, 12, 15, 30, 77, 8),
('B150263CS', 'CS2004', '2016-17 Winter Semester', 15, 18, 20, 35, 88, 9),
('B150292CS', 'CS2004', '2016-17 Winter Semester', 20, 12, 15, 30, 77, 8),
('B150103CS', 'CS2004', '2016-17 Winter Semester', 15, 18, 20, 35, 88, 9),
('B150372CS', 'CS2004', '2016-17 Winter Semester', 20, 12, 15, 30, 77, 8),
('B150102CS ', 'CS2004', '2016-17 Winter Semester', 15, 18, 20, 35, 88, 9),
('B150434CS', 'CS2004', '2016-17 Winter Semester', 20, 12, 15, 30, 77, 8),
('B150174CS', 'CS2005', '2016-17 Winter Semester', 15, 18, 20, 35, 88, 9),
('B150177CS', 'CS2005', '2016-17 Winter Semester', 15, 18, 20, 35, 88, 9),
('B150453CS', 'CS2005', '2016-17 Winter Semester', 20, 12, 15, 30, 77, 8),
('B150337CS', 'CS2005', '2016-17 Winter Semester', 20, 12, 15, 30, 77, 8),
('B150334CS', 'CS2005', '2016-17 Winter Semester', 20, 12, 15, 30, 77, 8),
('B150200CS ', 'CS2005', '2016-17 Winter Semester', 15, 18, 20, 35, 88, 9),
('B150196CS ', 'CS2005', '2016-17 Winter Semester', 15, 18, 20, 35, 88, 9),
('B150063CS ', 'CS2005', '2016-17 Winter Semester', 15, 18, 20, 35, 88, 9),
('B150476CS', 'CS2005', '2016-17 Winter Semester', 20, 12, 15, 30, 77, 8),
('B150375CS ', 'CS2005', '2016-17 Winter Semester', 20, 12, 15, 30, 77, 8),
('B150363CS', 'CS2005', '2016-17 Winter Semester', 20, 12, 15, 30, 77, 8),
('B150398CS ', 'CS2005', '2016-17 Winter Semester', 20, 12, 15, 30, 77, 8),
('B150735CS', 'CS2005', '2016-17 Winter Semester', 20, 12, 15, 30, 77, 8),
('B150232CS', 'CS2005', '2016-17 Winter Semester', 15, 18, 20, 35, 88, 9),
('B150737CS ', 'CS2005', '2016-17 Winter Semester', 20, 12, 15, 30, 77, 8),
('B150496CS ', 'CS2005', '2016-17 Winter Semester', 20, 12, 15, 30, 77, 8),
(' B150107CS ', 'CS2005', '2016-17 Winter Semester', 15, 18, 20, 35, 88, 9),
('B150592CS ', 'CS2005', '2016-17 Winter Semester', 20, 12, 15, 30, 77, 8),
('B150310CS', 'CS2005', '2016-17 Winter Semester', 20, 12, 15, 30, 77, 8),
('B150202CS ', 'CS2005', '2016-17 Winter Semester', 15, 18, 20, 35, 88, 9),
('B150309CS ', 'CS2005', '2016-17 Winter Semester', 20, 12, 15, 30, 77, 8),
('B150221CS ', 'CS2005', '2016-17 Winter Semester', 15, 18, 20, 35, 88, 9),
('B150146CS ', 'CS2005', '2016-17 Winter Semester', 15, 18, 20, 35, 88, 9),
('B150750CS ', 'CS2005', '2016-17 Winter Semester', 20, 12, 15, 30, 77, 8),
('B150263CS', 'CS2005', '2016-17 Winter Semester', 15, 18, 20, 35, 88, 9),
('B150292CS', 'CS2005', '2016-17 Winter Semester', 20, 12, 15, 30, 77, 8),
('B150103CS', 'CS2005', '2016-17 Winter Semester', 15, 18, 20, 35, 88, 9),
('B150372CS', 'CS2005', '2016-17 Winter Semester', 20, 12, 15, 30, 77, 8),
('B150102CS ', 'CS2005', '2016-17 Winter Semester', 15, 18, 20, 35, 88, 9),
('B150434CS', 'CS2005', '2016-17 Winter Semester', 20, 12, 15, 30, 77, 8),
('B150174CS', 'CS2006', '2016-17 Winter Semester', 15, 18, 20, 35, 88, 9),
('B150177CS', 'CS2006', '2016-17 Winter Semester', 15, 18, 20, 35, 88, 9),
('B150453CS', 'CS2006', '2016-17 Winter Semester', 20, 12, 15, 30, 77, 8),
('B150337CS', 'CS2006', '2016-17 Winter Semester', 20, 12, 15, 30, 77, 8),
('B150334CS', 'CS2006', '2016-17 Winter Semester', 20, 12, 15, 30, 77, 8),
('B150200CS ', 'CS2006', '2016-17 Winter Semester', 15, 18, 20, 35, 88, 9),
('B150196CS ', 'CS2006', '2016-17 Winter Semester', 15, 18, 20, 35, 88, 9),
('B150063CS ', 'CS2006', '2016-17 Winter Semester', 15, 18, 20, 35, 88, 9),
('B150476CS', 'CS2006', '2016-17 Winter Semester', 20, 12, 15, 30, 77, 8),
('B150375CS ', 'CS2006', '2016-17 Winter Semester', 20, 12, 15, 30, 77, 8),
('B150363CS', 'CS2006', '2016-17 Winter Semester', 20, 12, 15, 30, 77, 8),
('B150398CS ', 'CS2006', '2016-17 Winter Semester', 20, 12, 15, 30, 77, 8),
('B150735CS', 'CS2006', '2016-17 Winter Semester', 20, 12, 15, 30, 77, 8),
('B150232CS', 'CS2006', '2016-17 Winter Semester', 15, 18, 20, 35, 88, 9),
('B150737CS ', 'CS2006', '2016-17 Winter Semester', 20, 12, 15, 30, 77, 8),
('B150496CS ', 'CS2006', '2016-17 Winter Semester', 20, 12, 15, 30, 77, 8),
(' B150107CS ', 'CS2006', '2016-17 Winter Semester', 15, 18, 20, 35, 88, 9),
('B150592CS ', 'CS2006', '2016-17 Winter Semester', 20, 12, 15, 30, 77, 8),
('B150310CS', 'CS2006', '2016-17 Winter Semester', 20, 12, 15, 30, 77, 8),
('B150202CS ', 'CS2006', '2016-17 Winter Semester', 15, 18, 20, 35, 88, 9),
('B150309CS ', 'CS2006', '2016-17 Winter Semester', 20, 12, 15, 30, 77, 8),
('B150221CS ', 'CS2006', '2016-17 Winter Semester', 15, 18, 20, 35, 88, 9),
('B150146CS ', 'CS2006', '2016-17 Winter Semester', 15, 18, 20, 35, 88, 9),
('B150750CS ', 'CS2006', '2016-17 Winter Semester', 20, 12, 15, 30, 77, 8),
('B150263CS', 'CS2006', '2016-17 Winter Semester', 15, 18, 20, 35, 88, 9),
('B150292CS', 'CS2006', '2016-17 Winter Semester', 20, 12, 15, 30, 77, 8),
('B150103CS', 'CS2006', '2016-17 Winter Semester', 15, 18, 20, 35, 88, 9),
('B150372CS', 'CS2006', '2016-17 Winter Semester', 20, 12, 15, 30, 77, 8),
('B150102CS ', 'CS2006', '2016-17 Winter Semester', 15, 18, 20, 35, 88, 9),
('B150434CS', 'CS2006', '2016-17 Winter Semester', 20, 12, 15, 30, 77, 8),
('B150174CS', 'CS2091', '2016 Monsoon Semester', 15, 18, 20, 35, 88, 9),
('B150177CS', 'CS2091', '2016 Monsoon Semester', 15, 18, 20, 35, 88, 9),
('B150453CS', 'CS2091', '2016 Monsoon Semester', 20, 12, 15, 30, 77, 8),
('B150337CS', 'CS2091', '2016 Monsoon Semester', 20, 12, 15, 30, 77, 8),
('B150334CS', 'CS2091', '2016 Monsoon Semester', 20, 12, 15, 30, 77, 8),
('B150200CS ', 'CS2091', '2016 Monsoon Semester', 15, 18, 20, 35, 88, 9),
('B150196CS ', 'CS2091', '2016 Monsoon Semester', 15, 18, 20, 35, 88, 9),
('B150063CS ', 'CS2091', '2016 Monsoon Semester', 15, 18, 20, 35, 88, 9),
('B150476CS', 'CS2091', '2016 Monsoon Semester', 20, 12, 15, 30, 77, 8),
('B150375CS ', 'CS2091', '2016 Monsoon Semester', 20, 12, 15, 30, 77, 8),
('B150363CS', 'CS2091', '2016 Monsoon Semester', 20, 12, 15, 30, 77, 8),
('B150398CS ', 'CS2091', '2016 Monsoon Semester', 20, 12, 15, 30, 77, 8),
('B150735CS', 'CS2091', '2016 Monsoon Semester', 20, 12, 15, 30, 77, 8),
('B150232CS', 'CS2091', '2016 Monsoon Semester', 15, 18, 20, 35, 88, 9),
('B150737CS ', 'CS2091', '2016 Monsoon Semester', 20, 12, 15, 30, 77, 8),
('B150496CS ', 'CS2091', '2016 Monsoon Semester', 20, 12, 15, 30, 77, 8),
(' B150107CS ', 'CS2091', '2016 Monsoon Semester', 15, 18, 20, 35, 88, 9),
('B150592CS ', 'CS2091', '2016 Monsoon Semester', 20, 12, 15, 30, 77, 8),
('B150310CS', 'CS2091', '2016 Monsoon Semester', 20, 12, 15, 30, 77, 8),
('B150202CS ', 'CS2091', '2016 Monsoon Semester', 15, 18, 20, 35, 88, 9),
('B150309CS ', 'CS2091', '2016 Monsoon Semester', 20, 12, 15, 30, 77, 8),
('B150221CS ', 'CS2091', '2016 Monsoon Semester', 15, 18, 20, 35, 88, 9),
('B150146CS ', 'CS2091', '2016 Monsoon Semester', 15, 18, 20, 35, 88, 9),
('B150750CS ', 'CS2091', '2016 Monsoon Semester', 20, 12, 15, 30, 77, 8),
('B150263CS', 'CS2091', '2016 Monsoon Semester', 15, 18, 20, 35, 88, 9),
('B150292CS', 'CS2091', '2016 Monsoon Semester', 20, 12, 15, 30, 77, 8),
('B150103CS', 'CS2091', '2016 Monsoon Semester', 15, 18, 20, 35, 88, 9),
('B150372CS', 'CS2091', '2016 Monsoon Semester', 20, 12, 15, 30, 77, 8),
('B150102CS ', 'CS2091', '2016 Monsoon Semester', 15, 18, 20, 35, 88, 9),
('B150434CS', 'CS2091', '2016 Monsoon Semester', 20, 12, 15, 30, 77, 8),
('B150174CS', 'CS2092', '2016 Monsoon Semester', 15, 18, 20, 35, 88, 9),
('B150177CS', 'CS2092', '2016 Monsoon Semester', 15, 18, 20, 35, 88, 9),
('B150453CS', 'CS2092', '2016 Monsoon Semester', 20, 12, 15, 30, 77, 8),
('B150337CS', 'CS2092', '2016 Monsoon Semester', 20, 12, 15, 30, 77, 8),
('B150334CS', 'CS2092', '2016 Monsoon Semester', 20, 12, 15, 30, 77, 8),
('B150200CS ', 'CS2092', '2016 Monsoon Semester', 15, 18, 20, 35, 88, 9),
('B150196CS ', 'CS2092', '2016 Monsoon Semester', 15, 18, 20, 35, 88, 9),
('B150063CS ', 'CS2092', '2016 Monsoon Semester', 15, 18, 20, 35, 88, 9),
('B150476CS', 'CS2092', '2016 Monsoon Semester', 20, 12, 15, 30, 77, 8),
('B150375CS ', 'CS2092', '2016 Monsoon Semester', 20, 12, 15, 30, 77, 8),
('B150363CS', 'CS2092', '2016 Monsoon Semester', 20, 12, 15, 30, 77, 8),
('B150398CS ', 'CS2092', '2016 Monsoon Semester', 20, 12, 15, 30, 77, 8),
('B150735CS', 'CS2092', '2016 Monsoon Semester', 20, 12, 15, 30, 77, 8),
('B150232CS', 'CS2092', '2016 Monsoon Semester', 15, 18, 20, 35, 88, 9),
('B150737CS ', 'CS2092', '2016 Monsoon Semester', 20, 12, 15, 30, 77, 8),
('B150496CS ', 'CS2092', '2016 Monsoon Semester', 20, 12, 15, 30, 77, 8),
(' B150107CS ', 'CS2092', '2016 Monsoon Semester', 15, 18, 20, 35, 88, 9),
('B150592CS ', 'CS2092', '2016 Monsoon Semester', 20, 12, 15, 30, 77, 8),
('B150310CS', 'CS2092', '2016 Monsoon Semester', 20, 12, 15, 30, 77, 8),
('B150202CS ', 'CS2092', '2016 Monsoon Semester', 15, 18, 20, 35, 88, 9),
('B150309CS ', 'CS2092', '2016 Monsoon Semester', 20, 12, 15, 30, 77, 8),
('B150221CS ', 'CS2092', '2016 Monsoon Semester', 15, 18, 20, 35, 88, 9),
('B150146CS ', 'CS2092', '2016 Monsoon Semester', 15, 18, 20, 35, 88, 9),
('B150750CS ', 'CS2092', '2016 Monsoon Semester', 20, 12, 15, 30, 77, 8),
('B150263CS', 'CS2092', '2016 Monsoon Semester', 15, 18, 20, 35, 88, 9),
('B150292CS', 'CS2092', '2016 Monsoon Semester', 20, 12, 15, 30, 77, 8),
('B150103CS', 'CS2092', '2016 Monsoon Semester', 15, 18, 20, 35, 88, 9),
('B150372CS', 'CS2092', '2016 Monsoon Semester', 20, 12, 15, 30, 77, 8),
('B150102CS ', 'CS2092', '2016 Monsoon Semester', 15, 18, 20, 35, 88, 9),
('B150434CS', 'CS2092', '2016 Monsoon Semester', 20, 12, 15, 30, 77, 8),
('B150174CS', 'CS2093', '2016-17 Winter Semester', 15, 18, 20, 35, 88, 9),
('B150177CS', 'CS2093', '2016-17 Winter Semester', 15, 18, 20, 35, 88, 9),
('B150453CS', 'CS2093', '2016-17 Winter Semester', 20, 12, 15, 30, 77, 8),
('B150337CS', 'CS2093', '2016-17 Winter Semester', 20, 12, 15, 30, 77, 8),
('B150334CS', 'CS2093', '2016-17 Winter Semester', 20, 12, 15, 30, 77, 8),
('B150200CS ', 'CS2093', '2016-17 Winter Semester', 15, 18, 20, 35, 88, 9),
('B150196CS ', 'CS2093', '2016-17 Winter Semester', 15, 18, 20, 35, 88, 9),
('B150063CS ', 'CS2093', '2016-17 Winter Semester', 15, 18, 20, 35, 88, 9),
('B150476CS', 'CS2093', '2016-17 Winter Semester', 20, 12, 15, 30, 77, 8),
('B150375CS ', 'CS2093', '2016-17 Winter Semester', 20, 12, 15, 30, 77, 8),
('B150363CS', 'CS2093', '2016-17 Winter Semester', 20, 12, 15, 30, 77, 8),
('B150398CS ', 'CS2093', '2016-17 Winter Semester', 20, 12, 15, 30, 77, 8),
('B150735CS', 'CS2093', '2016-17 Winter Semester', 20, 12, 15, 30, 77, 8),
('B150232CS', 'CS2093', '2016-17 Winter Semester', 15, 18, 20, 35, 88, 9),
('B150737CS ', 'CS2093', '2016-17 Winter Semester', 20, 12, 15, 30, 77, 8),
('B150496CS ', 'CS2093', '2016-17 Winter Semester', 20, 12, 15, 30, 77, 8),
(' B150107CS ', 'CS2093', '2016-17 Winter Semester', 15, 18, 20, 35, 88, 9),
('B150592CS ', 'CS2093', '2016-17 Winter Semester', 20, 12, 15, 30, 77, 8),
('B150310CS', 'CS2093', '2016-17 Winter Semester', 20, 12, 15, 30, 77, 8),
('B150202CS ', 'CS2093', '2016-17 Winter Semester', 15, 18, 20, 35, 88, 9),
('B150309CS ', 'CS2093', '2016-17 Winter Semester', 20, 12, 15, 30, 77, 8),
('B150221CS ', 'CS2093', '2016-17 Winter Semester', 15, 18, 20, 35, 88, 9),
('B150146CS ', 'CS2093', '2016-17 Winter Semester', 15, 18, 20, 35, 88, 9),
('B150750CS ', 'CS2093', '2016-17 Winter Semester', 20, 12, 15, 30, 77, 8),
('B150263CS', 'CS2093', '2016-17 Winter Semester', 15, 18, 20, 35, 88, 9),
('B150292CS', 'CS2093', '2016-17 Winter Semester', 20, 12, 15, 30, 77, 8),
('B150103CS', 'CS2093', '2016-17 Winter Semester', 15, 18, 20, 35, 88, 9),
('B150372CS', 'CS2093', '2016-17 Winter Semester', 20, 12, 15, 30, 77, 8),
('B150102CS ', 'CS2093', '2016-17 Winter Semester', 15, 18, 20, 35, 88, 9),
('B150434CS', 'CS2093', '2016-17 Winter Semester', 20, 12, 15, 30, 77, 8),
('B150174CS', 'CS2094', '2016-17 Winter Semester', 15, 18, 20, 35, 88, 9),
('B150177CS', 'CS2094', '2016-17 Winter Semester', 15, 18, 20, 35, 88, 9),
('B150453CS', 'CS2094', '2016-17 Winter Semester', 20, 12, 15, 30, 77, 8),
('B150337CS', 'CS2094', '2016-17 Winter Semester', 20, 12, 15, 30, 77, 8),
('B150334CS', 'CS2094', '2016-17 Winter Semester', 20, 12, 15, 30, 77, 8),
('B150200CS ', 'CS2094', '2016-17 Winter Semester', 15, 18, 20, 35, 88, 9),
('B150196CS ', 'CS2094', '2016-17 Winter Semester', 15, 18, 20, 35, 88, 9),
('B150063CS ', 'CS2094', '2016-17 Winter Semester', 15, 18, 20, 35, 88, 9),
('B150476CS', 'CS2094', '2016-17 Winter Semester', 20, 12, 15, 30, 77, 8),
('B150375CS ', 'CS2094', '2016-17 Winter Semester', 20, 12, 15, 30, 77, 8),
('B150363CS', 'CS2094', '2016-17 Winter Semester', 20, 12, 15, 30, 77, 8),
('B150398CS ', 'CS2094', '2016-17 Winter Semester', 20, 12, 15, 30, 77, 8),
('B150735CS', 'CS2094', '2016-17 Winter Semester', 20, 12, 15, 30, 77, 8),
('B150232CS', 'CS2094', '2016-17 Winter Semester', 15, 18, 20, 35, 88, 9),
('B150737CS ', 'CS2094', '2016-17 Winter Semester', 20, 12, 15, 30, 77, 8),
('B150496CS ', 'CS2094', '2016-17 Winter Semester', 20, 12, 15, 30, 77, 8),
(' B150107CS ', 'CS2094', '2016-17 Winter Semester', 15, 18, 20, 35, 88, 9),
('B150592CS ', 'CS2094', '2016-17 Winter Semester', 20, 12, 15, 30, 77, 8),
('B150310CS', 'CS2094', '2016-17 Winter Semester', 20, 12, 15, 30, 77, 8),
('B150202CS ', 'CS2094', '2016-17 Winter Semester', 15, 18, 20, 35, 88, 9),
('B150309CS ', 'CS2094', '2016-17 Winter Semester', 20, 12, 15, 30, 77, 8),
('B150221CS ', 'CS2094', '2016-17 Winter Semester', 15, 18, 20, 35, 88, 9),
('B150146CS ', 'CS2094', '2016-17 Winter Semester', 15, 18, 20, 35, 88, 9),
('B150750CS ', 'CS2094', '2016-17 Winter Semester', 20, 12, 15, 30, 77, 8),
('B150263CS', 'CS2094', '2016-17 Winter Semester', 15, 18, 20, 35, 88, 9),
('B150292CS', 'CS2094', '2016-17 Winter Semester', 20, 12, 15, 30, 77, 8),
('B150103CS', 'CS2094', '2016-17 Winter Semester', 15, 18, 20, 35, 88, 9),
('B150372CS', 'CS2094', '2016-17 Winter Semester', 20, 12, 15, 30, 77, 8),
('B150102CS ', 'CS2094', '2016-17 Winter Semester', 15, 18, 20, 35, 88, 9),
('B150434CS', 'CS2094', '2016-17 Winter Semester', 20, 12, 15, 30, 77, 8),
('B150174CS', 'CS3001', '2017 Monsoon Semester', 0, 0, 0, 0, 0, 0),
('B150177CS', 'CS3001', '2017 Monsoon Semester', 0, 0, 0, 0, 0, 0),
('B150453CS', 'CS3001', '2017 Monsoon Semester', 0, 0, 0, 0, 0, 0),
('B150337CS', 'CS3001', '2017 Monsoon Semester', 0, 0, 0, 0, 0, 0),
('B150334CS', 'CS3001', '2017 Monsoon Semester', 0, 0, 0, 0, 0, 0),
('B150200CS ', 'CS3001', '2017 Monsoon Semester', 0, 0, 0, 0, 0, 0),
('B150196CS ', 'CS3001', '2017 Monsoon Semester', 0, 0, 0, 0, 0, 0),
('B150063CS ', 'CS3001', '2017 Monsoon Semester', 0, 0, 0, 0, 0, 0),
('B150476CS', 'CS3001', '2017 Monsoon Semester', 0, 0, 0, 0, 0, 0),
('B150375CS ', 'CS3001', '2017 Monsoon Semester', 0, 0, 0, 0, 0, 0),
('B150363CS', 'CS3001', '2017 Monsoon Semester', 0, 0, 0, 0, 0, 0),
('B150398CS ', 'CS3001', '2017 Monsoon Semester', 0, 0, 0, 0, 0, 0),
('B150735CS', 'CS3001', '2017 Monsoon Semester', 0, 0, 0, 0, 0, 0),
('B150232CS', 'CS3001', '2017 Monsoon Semester', 0, 0, 0, 0, 0, 0),
('B150737CS ', 'CS3001', '2017 Monsoon Semester', 0, 0, 0, 0, 0, 0),
('B150496CS ', 'CS3001', '2017 Monsoon Semester', 0, 0, 0, 0, 0, 0),
(' B150107CS ', 'CS3001', '2017 Monsoon Semester', 0, 0, 0, 0, 0, 0),
('B150592CS ', 'CS3001', '2017 Monsoon Semester', 0, 0, 0, 0, 0, 0),
('B150310CS', 'CS3001', '2017 Monsoon Semester', 0, 0, 0, 0, 0, 0),
('B150202CS ', 'CS3001', '2017 Monsoon Semester', 0, 0, 0, 0, 0, 0),
('B150309CS ', 'CS3001', '2017 Monsoon Semester', 0, 0, 0, 0, 0, 0),
('B150221CS ', 'CS3001', '2017 Monsoon Semester', 0, 0, 0, 0, 0, 0),
('B150146CS ', 'CS3001', '2017 Monsoon Semester', 0, 0, 0, 0, 0, 0),
('B150750CS ', 'CS3001', '2017 Monsoon Semester', 0, 0, 0, 0, 0, 0),
('B150263CS', 'CS3001', '2017 Monsoon Semester', 0, 0, 0, 0, 0, 0),
('B150292CS', 'CS3001', '2017 Monsoon Semester', 0, 0, 0, 0, 0, 0),
('B150103CS', 'CS3001', '2017 Monsoon Semester', 0, 0, 0, 0, 0, 0),
('B150372CS', 'CS3001', '2017 Monsoon Semester', 0, 0, 0, 0, 0, 0),
('B150102CS ', 'CS3001', '2017 Monsoon Semester', 0, 0, 0, 0, 0, 0),
('B150434CS', 'CS3001', '2017 Monsoon Semester', 0, 0, 0, 0, 0, 0),
('B150174CS', 'CS3002', '2017 Monsoon Semester', 0, 0, 0, 0, 0, 0),
('B150177CS', 'CS3002', '2017 Monsoon Semester', 0, 0, 0, 0, 0, 0),
('B150453CS', 'CS3002', '2017 Monsoon Semester', 0, 0, 0, 0, 0, 0),
('B150337CS', 'CS3002', '2017 Monsoon Semester', 0, 0, 0, 0, 0, 0),
('B150334CS', 'CS3002', '2017 Monsoon Semester', 0, 0, 0, 0, 0, 0),
('B150200CS ', 'CS3002', '2017 Monsoon Semester', 0, 0, 0, 0, 0, 0),
('B150196CS ', 'CS3002', '2017 Monsoon Semester', 0, 0, 0, 0, 0, 0),
('B150063CS ', 'CS3002', '2017 Monsoon Semester', 0, 0, 0, 0, 0, 0),
('B150476CS', 'CS3002', '2017 Monsoon Semester', 0, 0, 0, 0, 0, 0),
('B150375CS ', 'CS3002', '2017 Monsoon Semester', 0, 0, 0, 0, 0, 0),
('B150363CS', 'CS3002', '2017 Monsoon Semester', 0, 0, 0, 0, 0, 0),
('B150398CS ', 'CS3002', '2017 Monsoon Semester', 0, 0, 0, 0, 0, 0),
('B150735CS', 'CS3002', '2017 Monsoon Semester', 0, 0, 0, 0, 0, 0),
('B150232CS', 'CS3002', '2017 Monsoon Semester', 0, 0, 0, 0, 0, 0),
('B150737CS ', 'CS3002', '2017 Monsoon Semester', 0, 0, 0, 0, 0, 0),
('B150496CS ', 'CS3002', '2017 Monsoon Semester', 0, 0, 0, 0, 0, 0),
(' B150107CS ', 'CS3002', '2017 Monsoon Semester', 0, 0, 0, 0, 0, 0),
('B150592CS ', 'CS3002', '2017 Monsoon Semester', 0, 0, 0, 0, 0, 0),
('B150310CS', 'CS3002', '2017 Monsoon Semester', 0, 0, 0, 0, 0, 0),
('B150202CS ', 'CS3002', '2017 Monsoon Semester', 0, 0, 0, 0, 0, 0),
('B150309CS ', 'CS3002', '2017 Monsoon Semester', 0, 0, 0, 0, 0, 0),
('B150221CS ', 'CS3002', '2017 Monsoon Semester', 0, 0, 0, 0, 0, 0),
('B150146CS ', 'CS3002', '2017 Monsoon Semester', 0, 0, 0, 0, 0, 0),
('B150750CS ', 'CS3002', '2017 Monsoon Semester', 0, 0, 0, 0, 0, 0),
('B150263CS', 'CS3002', '2017 Monsoon Semester', 0, 0, 0, 0, 0, 0),
('B150292CS', 'CS3002', '2017 Monsoon Semester', 0, 0, 0, 0, 0, 0),
('B150103CS', 'CS3002', '2017 Monsoon Semester', 0, 0, 0, 0, 0, 0),
('B150372CS', 'CS3002', '2017 Monsoon Semester', 0, 0, 0, 0, 0, 0),
('B150102CS ', 'CS3002', '2017 Monsoon Semester', 0, 0, 0, 0, 0, 0),
('B150434CS', 'CS3002', '2017 Monsoon Semester', 0, 0, 0, 0, 0, 0),
('B150174CS', 'CS3003', '2017 Monsoon Semester', 0, 0, 0, 0, 0, 0),
('B150177CS', 'CS3003', '2017 Monsoon Semester', 0, 0, 0, 0, 0, 0),
('B150453CS', 'CS3003', '2017 Monsoon Semester', 0, 0, 0, 0, 0, 0),
('B150337CS', 'CS3003', '2017 Monsoon Semester', 0, 0, 0, 0, 0, 0),
('B150334CS', 'CS3003', '2017 Monsoon Semester', 0, 0, 0, 0, 0, 0),
('B150200CS ', 'CS3003', '2017 Monsoon Semester', 0, 0, 0, 0, 0, 0),
('B150196CS ', 'CS3003', '2017 Monsoon Semester', 0, 0, 0, 0, 0, 0),
('B150063CS ', 'CS3003', '2017 Monsoon Semester', 0, 0, 0, 0, 0, 0),
('B150476CS', 'CS3003', '2017 Monsoon Semester', 0, 0, 0, 0, 0, 0),
('B150375CS ', 'CS3003', '2017 Monsoon Semester', 0, 0, 0, 0, 0, 0),
('B150363CS', 'CS3003', '2017 Monsoon Semester', 0, 0, 0, 0, 0, 0),
('B150398CS ', 'CS3003', '2017 Monsoon Semester', 0, 0, 0, 0, 0, 0),
('B150735CS', 'CS3003', '2017 Monsoon Semester', 0, 0, 0, 0, 0, 0),
('B150232CS', 'CS3003', '2017 Monsoon Semester', 0, 0, 0, 0, 0, 0),
('B150737CS ', 'CS3003', '2017 Monsoon Semester', 0, 0, 0, 0, 0, 0),
('B150496CS ', 'CS3003', '2017 Monsoon Semester', 0, 0, 0, 0, 0, 0),
(' B150107CS ', 'CS3003', '2017 Monsoon Semester', 0, 0, 0, 0, 0, 0),
('B150592CS ', 'CS3003', '2017 Monsoon Semester', 0, 0, 0, 0, 0, 0),
('B150310CS', 'CS3003', '2017 Monsoon Semester', 0, 0, 0, 0, 0, 0),
('B150202CS ', 'CS3003', '2017 Monsoon Semester', 0, 0, 0, 0, 0, 0),
('B150309CS ', 'CS3003', '2017 Monsoon Semester', 0, 0, 0, 0, 0, 0),
('B150221CS ', 'CS3003', '2017 Monsoon Semester', 0, 0, 0, 0, 0, 0),
('B150146CS ', 'CS3003', '2017 Monsoon Semester', 0, 0, 0, 0, 0, 0),
('B150750CS ', 'CS3003', '2017 Monsoon Semester', 0, 0, 0, 0, 0, 0),
('B150263CS', 'CS3003', '2017 Monsoon Semester', 0, 0, 0, 0, 0, 0),
('B150292CS', 'CS3003', '2017 Monsoon Semester', 0, 0, 0, 0, 0, 0),
('B150103CS', 'CS3003', '2017 Monsoon Semester', 0, 0, 0, 0, 0, 0),
('B150372CS', 'CS3003', '2017 Monsoon Semester', 0, 0, 0, 0, 0, 0),
('B150102CS ', 'CS3003', '2017 Monsoon Semester', 0, 0, 0, 0, 0, 0),
('B150434CS', 'CS3003', '2017 Monsoon Semester', 0, 0, 0, 0, 0, 0),
('B150174CS', 'CS3095', '2017 Monsoon Semester', 0, 0, 0, 0, 0, 0),
('B150177CS', 'CS3095', '2017 Monsoon Semester', 0, 0, 0, 0, 0, 0),
('B150453CS', 'CS3095', '2017 Monsoon Semester', 0, 0, 0, 0, 0, 0),
('B150337CS', 'CS3095', '2017 Monsoon Semester', 0, 0, 0, 0, 0, 0),
('B150334CS', 'CS3095', '2017 Monsoon Semester', 0, 0, 0, 0, 0, 0),
('B150200CS ', 'CS3095', '2017 Monsoon Semester', 0, 0, 0, 0, 0, 0),
('B150196CS ', 'CS3095', '2017 Monsoon Semester', 0, 0, 0, 0, 0, 0),
('B150063CS ', 'CS3095', '2017 Monsoon Semester', 0, 0, 0, 0, 0, 0),
('B150476CS', 'CS3095', '2017 Monsoon Semester', 0, 0, 0, 0, 0, 0),
('B150375CS ', 'CS3095', '2017 Monsoon Semester', 0, 0, 0, 0, 0, 0),
('B150363CS', 'CS3095', '2017 Monsoon Semester', 0, 0, 0, 0, 0, 0),
('B150398CS ', 'CS3095', '2017 Monsoon Semester', 0, 0, 0, 0, 0, 0),
('B150735CS', 'CS3095', '2017 Monsoon Semester', 0, 0, 0, 0, 0, 0),
('B150232CS', 'CS3095', '2017 Monsoon Semester', 0, 0, 0, 0, 0, 0),
('B150737CS ', 'CS3095', '2017 Monsoon Semester', 0, 0, 0, 0, 0, 0),
('B150496CS ', 'CS3095', '2017 Monsoon Semester', 0, 0, 0, 0, 0, 0),
(' B150107CS ', 'CS3095', '2017 Monsoon Semester', 0, 0, 0, 0, 0, 0),
('B150592CS ', 'CS3095', '2017 Monsoon Semester', 0, 0, 0, 0, 0, 0),
('B150310CS', 'CS3095', '2017 Monsoon Semester', 0, 0, 0, 0, 0, 0),
('B150202CS ', 'CS3095', '2017 Monsoon Semester', 0, 0, 0, 0, 0, 0),
('B150309CS ', 'CS3095', '2017 Monsoon Semester', 0, 0, 0, 0, 0, 0),
('B150221CS ', 'CS3095', '2017 Monsoon Semester', 0, 0, 0, 0, 0, 0),
('B150146CS ', 'CS3095', '2017 Monsoon Semester', 0, 0, 0, 0, 0, 0),
('B150750CS ', 'CS3095', '2017 Monsoon Semester', 0, 0, 0, 0, 0, 0),
('B150263CS', 'CS3095', '2017 Monsoon Semester', 0, 0, 0, 0, 0, 0),
('B150292CS', 'CS3095', '2017 Monsoon Semester', 0, 0, 0, 0, 0, 0),
('B150103CS', 'CS3095', '2017 Monsoon Semester', 0, 0, 0, 0, 0, 0),
('B150372CS', 'CS3095', '2017 Monsoon Semester', 0, 0, 0, 0, 0, 0),
('B150102CS ', 'CS3095', '2017 Monsoon Semester', 0, 0, 0, 0, 0, 0),
('B150434CS', 'CS3095', '2017 Monsoon Semester', 0, 0, 0, 0, 0, 0),
('B150174CS', 'CS4021', '2017 Monsoon Semester', 0, 0, 0, 0, 0, 0),
('B150177CS', 'CS4021', '2017 Monsoon Semester', 0, 0, 0, 0, 0, 0),
('B150453CS', 'CS4021', '2017 Monsoon Semester', 0, 0, 0, 0, 0, 0),
('B150337CS', 'CS4021', '2017 Monsoon Semester', 0, 0, 0, 0, 0, 0),
('B150334CS', 'CS4021', '2017 Monsoon Semester', 0, 0, 0, 0, 0, 0),
('B150200CS ', 'CS4021', '2017 Monsoon Semester', 0, 0, 0, 0, 0, 0),
('B150196CS ', 'CS4021', '2017 Monsoon Semester', 0, 0, 0, 0, 0, 0),
('B150063CS ', 'CS4021', '2017 Monsoon Semester', 0, 0, 0, 0, 0, 0),
('B150476CS', 'CS4021', '2017 Monsoon Semester', 0, 0, 0, 0, 0, 0),
('B150375CS ', 'CS4021', '2017 Monsoon Semester', 0, 0, 0, 0, 0, 0),
('B150363CS', 'CS4021', '2017 Monsoon Semester', 0, 0, 0, 0, 0, 0),
('B150398CS ', 'CS4021', '2017 Monsoon Semester', 0, 0, 0, 0, 0, 0),
('B150735CS', 'CS4021', '2017 Monsoon Semester', 0, 0, 0, 0, 0, 0),
('B150232CS', 'CS4021', '2017 Monsoon Semester', 0, 0, 0, 0, 0, 0),
('B150737CS ', 'CS4021', '2017 Monsoon Semester', 0, 0, 0, 0, 0, 0),
('B150496CS ', 'CS4021', '2017 Monsoon Semester', 0, 0, 0, 0, 0, 0),
(' B150107CS ', 'CS4021', '2017 Monsoon Semester', 0, 0, 0, 0, 0, 0),
('B150592CS ', 'CS4021', '2017 Monsoon Semester', 0, 0, 0, 0, 0, 0),
('B150310CS', 'CS4021', '2017 Monsoon Semester', 0, 0, 0, 0, 0, 0),
('B150202CS ', 'CS4021', '2017 Monsoon Semester', 0, 0, 0, 0, 0, 0),
('B150309CS ', 'CS4021', '2017 Monsoon Semester', 0, 0, 0, 0, 0, 0),
('B150221CS ', 'CS4021', '2017 Monsoon Semester', 0, 0, 0, 0, 0, 0),
('B150146CS ', 'CS4021', '2017 Monsoon Semester', 0, 0, 0, 0, 0, 0),
('B150750CS ', 'CS4021', '2017 Monsoon Semester', 0, 0, 0, 0, 0, 0),
('B150263CS', 'CS4021', '2017 Monsoon Semester', 0, 0, 0, 0, 0, 0),
('B150292CS', 'CS4021', '2017 Monsoon Semester', 0, 0, 0, 0, 0, 0),
('B150103CS', 'CS4021', '2017 Monsoon Semester', 0, 0, 0, 0, 0, 0),
('B150372CS', 'CS4021', '2017 Monsoon Semester', 0, 0, 0, 0, 0, 0),
('B150102CS ', 'CS4021', '2017 Monsoon Semester', 0, 0, 0, 0, 0, 0),
('B150434CS', 'CS4021', '2017 Monsoon Semester', 0, 0, 0, 0, 0, 0),
('B150174CS', 'CS4038', '2017 Monsoon Semester', 0, 0, 0, 0, 0, 0),
('B150177CS', 'CS4038', '2017 Monsoon Semester', 0, 0, 0, 0, 0, 0),
('B150453CS', 'CS4038', '2017 Monsoon Semester', 0, 0, 0, 0, 0, 0),
('B150337CS', 'CS4038', '2017 Monsoon Semester', 0, 0, 0, 0, 0, 0),
('B150334CS', 'CS4038', '2017 Monsoon Semester', 0, 0, 0, 0, 0, 0),
('B150200CS ', 'CS4038', '2017 Monsoon Semester', 0, 0, 0, 0, 0, 0),
('B150196CS ', 'CS4038', '2017 Monsoon Semester', 0, 0, 0, 0, 0, 0),
('B150063CS ', 'CS4038', '2017 Monsoon Semester', 0, 0, 0, 0, 0, 0),
('B150476CS', 'CS4038', '2017 Monsoon Semester', 0, 0, 0, 0, 0, 0),
('B150375CS ', 'CS4038', '2017 Monsoon Semester', 0, 0, 0, 0, 0, 0),
('B150363CS', 'CS4038', '2017 Monsoon Semester', 0, 0, 0, 0, 0, 0),
('B150398CS ', 'CS4038', '2017 Monsoon Semester', 0, 0, 0, 0, 0, 0),
('B150735CS', 'CS4038', '2017 Monsoon Semester', 0, 0, 0, 0, 0, 0),
('B150232CS', 'CS4038', '2017 Monsoon Semester', 0, 0, 0, 0, 0, 0),
('B150737CS ', 'CS4038', '2017 Monsoon Semester', 0, 0, 0, 0, 0, 0),
('B150496CS ', 'CS4038', '2017 Monsoon Semester', 0, 0, 0, 0, 0, 0),
(' B150107CS ', 'CS4038', '2017 Monsoon Semester', 0, 0, 0, 0, 0, 0),
('B150592CS ', 'CS4038', '2017 Monsoon Semester', 0, 0, 0, 0, 0, 0),
('B150310CS', 'CS4038', '2017 Monsoon Semester', 0, 0, 0, 0, 0, 0),
('B150202CS ', 'CS4038', '2017 Monsoon Semester', 0, 0, 0, 0, 0, 0),
('B150309CS ', 'CS4038', '2017 Monsoon Semester', 0, 0, 0, 0, 0, 0),
('B150221CS ', 'CS4038', '2017 Monsoon Semester', 0, 0, 0, 0, 0, 0),
('B150146CS ', 'CS4038', '2017 Monsoon Semester', 0, 0, 0, 0, 0, 0),
('B150750CS ', 'CS4038', '2017 Monsoon Semester', 0, 0, 0, 0, 0, 0),
('B150263CS', 'CS4038', '2017 Monsoon Semester', 0, 0, 0, 0, 0, 0),
('B150292CS', 'CS4038', '2017 Monsoon Semester', 0, 0, 0, 0, 0, 0),
('B150103CS', 'CS4038', '2017 Monsoon Semester', 0, 0, 0, 0, 0, 0),
('B150372CS', 'CS4038', '2017 Monsoon Semester', 0, 0, 0, 0, 0, 0),
('B150102CS ', 'CS4038', '2017 Monsoon Semester', 0, 0, 0, 0, 0, 0),
('B150434CS', 'CS4038', '2017 Monsoon Semester', 0, 0, 0, 0, 0, 0),
('B150174CS', 'CS4050', '2017 Monsoon Semester', 0, 0, 0, 0, 0, 0),
('B150177CS', 'CS4050', '2017 Monsoon Semester', 0, 0, 0, 0, 0, 0),
('B150453CS', 'CS4050', '2017 Monsoon Semester', 0, 0, 0, 0, 0, 0),
('B150337CS', 'CS4050', '2017 Monsoon Semester', 0, 0, 0, 0, 0, 0),
('B150334CS', 'CS4050', '2017 Monsoon Semester', 0, 0, 0, 0, 0, 0),
('B150200CS ', 'CS4050', '2017 Monsoon Semester', 0, 0, 0, 0, 0, 0),
('B150196CS ', 'CS4050', '2017 Monsoon Semester', 0, 0, 0, 0, 0, 0),
('B150063CS ', 'CS4050', '2017 Monsoon Semester', 0, 0, 0, 0, 0, 0),
('B150476CS', 'CS4050', '2017 Monsoon Semester', 0, 0, 0, 0, 0, 0),
('B150375CS ', 'CS4050', '2017 Monsoon Semester', 0, 0, 0, 0, 0, 0),
('B150363CS', 'CS4050', '2017 Monsoon Semester', 0, 0, 0, 0, 0, 0),
('B150398CS ', 'CS4050', '2017 Monsoon Semester', 0, 0, 0, 0, 0, 0),
('B150735CS', 'CS4050', '2017 Monsoon Semester', 0, 0, 0, 0, 0, 0),
('B150232CS', 'CS4050', '2017 Monsoon Semester', 0, 0, 0, 0, 0, 0),
('B150737CS ', 'CS4050', '2017 Monsoon Semester', 0, 0, 0, 0, 0, 0),
('B150496CS ', 'CS4050', '2017 Monsoon Semester', 0, 0, 0, 0, 0, 0),
(' B150107CS ', 'CS4050', '2017 Monsoon Semester', 0, 0, 0, 0, 0, 0),
('B150592CS ', 'CS4050', '2017 Monsoon Semester', 0, 0, 0, 0, 0, 0),
('B150310CS', 'CS4050', '2017 Monsoon Semester', 0, 0, 0, 0, 0, 0),
('B150202CS ', 'CS4050', '2017 Monsoon Semester', 0, 0, 0, 0, 0, 0),
('B150309CS ', 'CS4050', '2017 Monsoon Semester', 0, 0, 0, 0, 0, 0),
('B150221CS ', 'CS4050', '2017 Monsoon Semester', 0, 0, 0, 0, 0, 0),
('B150146CS ', 'CS4050', '2017 Monsoon Semester', 0, 0, 0, 0, 0, 0),
('B150750CS ', 'CS4050', '2017 Monsoon Semester', 0, 0, 0, 0, 0, 0),
('B150263CS', 'CS4050', '2017 Monsoon Semester', 0, 0, 0, 0, 0, 0),
('B150292CS', 'CS4050', '2017 Monsoon Semester', 0, 0, 0, 0, 0, 0),
('B150103CS', 'CS4050', '2017 Monsoon Semester', 0, 0, 0, 0, 0, 0),
('B150372CS', 'CS4050', '2017 Monsoon Semester', 0, 0, 0, 0, 0, 0),
('B150102CS ', 'CS4050', '2017 Monsoon Semester', 0, 0, 0, 0, 0, 0),
('B150174CS', 'CY1001', '2015 Monsoon Semester', 15, 18, 20, 35, 88, 9),
('B150177CS', 'CY1001', '2015 Monsoon Semester', 15, 18, 20, 35, 88, 9),
('B150453CS', 'CY1001', '2015 Monsoon Semester', 20, 12, 15, 30, 77, 8),
('B150337CS', 'CY1001', '2015 Monsoon Semester', 20, 12, 15, 30, 77, 8),
('B150334CS', 'CY1001', '2015 Monsoon Semester', 20, 12, 15, 30, 77, 8),
('B150200CS ', 'CY1001', '2015 Monsoon Semester', 15, 18, 20, 35, 88, 9),
('B150196CS ', 'CY1001', '2015 Monsoon Semester', 15, 18, 20, 35, 88, 9),
('B150063CS ', 'CY1001', '2015 Monsoon Semester', 15, 18, 20, 35, 88, 9),
('B150476CS', 'CY1001', '2015 Monsoon Semester', 20, 12, 15, 30, 77, 8),
('B150375CS ', 'CY1001', '2015 Monsoon Semester', 20, 12, 15, 30, 77, 8),
('B150363CS', 'CY1001', '2015 Monsoon Semester', 20, 12, 15, 30, 77, 8),
('B150398CS ', 'CY1001', '2015 Monsoon Semester', 20, 12, 15, 30, 77, 8),
('B150735CS', 'CY1001', '2015 Monsoon Semester', 20, 12, 15, 30, 77, 8),
('B150232CS', 'CY1001', '2015 Monsoon Semester', 15, 18, 20, 35, 88, 9),
('B150737CS ', 'CY1001', '2015 Monsoon Semester', 20, 12, 15, 30, 77, 8),
('B150496CS ', 'CY1001', '2015 Monsoon Semester', 20, 12, 15, 30, 77, 8),
(' B150107CS ', 'CY1001', '2015 Monsoon Semester', 15, 18, 20, 35, 88, 9),
('B150592CS ', 'CY1001', '2015 Monsoon Semester', 20, 12, 15, 30, 77, 8),
('B150310CS', 'CY1001', '2015 Monsoon Semester', 20, 12, 15, 30, 77, 8),
('B150202CS ', 'CY1001', '2015 Monsoon Semester', 15, 18, 20, 35, 88, 9),
('B150309CS ', 'CY1001', '2015 Monsoon Semester', 20, 12, 15, 30, 77, 8),
('B150221CS ', 'CY1001', '2015 Monsoon Semester', 15, 18, 20, 35, 88, 9),
('B150146CS ', 'CY1001', '2015 Monsoon Semester', 15, 18, 20, 35, 88, 9),
('B150750CS ', 'CY1001', '2015 Monsoon Semester', 20, 12, 15, 30, 77, 8),
('B150263CS', 'CY1001', '2015 Monsoon Semester', 15, 18, 20, 35, 88, 9),
('B150292CS', 'CY1001', '2015 Monsoon Semester', 20, 12, 15, 30, 77, 8),
('B150103CS', 'CY1001', '2015 Monsoon Semester', 15, 18, 20, 35, 88, 9),
('B150372CS', 'CY1001', '2015 Monsoon Semester', 20, 12, 15, 30, 77, 8),
('B150102CS ', 'CY1001', '2015 Monsoon Semester', 15, 18, 20, 35, 88, 9),
('B150434CS', 'CY1001', '2015 Monsoon Semester', 20, 12, 15, 30, 77, 8),
('B150174CS', 'EC2014', '2016 Monsoon Semester', 10, 20, 18, 38, 86, 9),
('B150177CS', 'EC2014', '2016 Monsoon Semester', 10, 20, 18, 38, 86, 9),
('B150453CS', 'EC2014', '2016 Monsoon Semester', 12, 12, 15, 29, 68, 7),
('B150337CS', 'EC2014', '2016 Monsoon Semester', 12, 12, 15, 29, 68, 7),
('B150334CS', 'EC2014', '2016 Monsoon Semester', 12, 12, 15, 29, 68, 7),
('B150200CS ', 'EC2014', '2016 Monsoon Semester', 10, 20, 18, 38, 86, 9),
('B150196CS ', 'EC2014', '2016 Monsoon Semester', 10, 20, 18, 38, 86, 9),
('B150063CS ', 'EC2014', '2016 Monsoon Semester', 10, 20, 18, 38, 86, 9),
('B150476CS', 'EC2014', '2016 Monsoon Semester', 12, 12, 15, 29, 68, 7),
('B150375CS ', 'EC2014', '2016 Monsoon Semester', 12, 12, 15, 29, 68, 7),
('B150363CS', 'EC2014', '2016 Monsoon Semester', 12, 12, 15, 29, 68, 7),
('B150398CS ', 'EC2014', '2016 Monsoon Semester', 12, 12, 15, 29, 68, 7),
('B150735CS', 'EC2014', '2016 Monsoon Semester', 12, 12, 15, 29, 68, 7),
('B150232CS', 'EC2014', '2016 Monsoon Semester', 10, 20, 18, 38, 86, 9),
('B150737CS ', 'EC2014', '2016 Monsoon Semester', 12, 12, 15, 29, 68, 7),
('B150496CS ', 'EC2014', '2016 Monsoon Semester', 12, 12, 15, 29, 68, 7),
(' B150107CS ', 'EC2014', '2016 Monsoon Semester', 10, 20, 18, 38, 86, 9),
('B150592CS ', 'EC2014', '2016 Monsoon Semester', 12, 12, 15, 29, 68, 7),
('B150310CS', 'EC2014', '2016 Monsoon Semester', 12, 12, 15, 29, 68, 7),
('B150202CS ', 'EC2014', '2016 Monsoon Semester', 10, 20, 18, 38, 86, 9),
('B150309CS ', 'EC2014', '2016 Monsoon Semester', 12, 12, 15, 29, 68, 7),
('B150221CS ', 'EC2014', '2016 Monsoon Semester', 10, 20, 18, 38, 86, 9),
('B150146CS ', 'EC2014', '2016 Monsoon Semester', 10, 20, 18, 38, 86, 9),
('B150750CS ', 'EC2014', '2016 Monsoon Semester', 12, 12, 15, 29, 68, 7),
('B150263CS', 'EC2014', '2016 Monsoon Semester', 10, 20, 18, 38, 86, 9),
('B150292CS', 'EC2014', '2016 Monsoon Semester', 12, 12, 15, 29, 68, 7),
('B150103CS', 'EC2014', '2016 Monsoon Semester', 10, 20, 18, 38, 86, 9),
('B150372CS', 'EC2014', '2016 Monsoon Semester', 12, 12, 15, 29, 68, 7),
('B150102CS ', 'EC2014', '2016 Monsoon Semester', 10, 20, 18, 38, 86, 9),
('B150434CS', 'EC2014', '2016 Monsoon Semester', 12, 12, 15, 29, 68, 7),
('B150174CS', 'EE1001', '2015-16 Winter Semester', 10, 20, 18, 38, 86, 9),
('B150177CS', 'EE1001', '2015-16 Winter Semester', 10, 20, 18, 38, 86, 9),
('B150453CS', 'EE1001', '2015-16 Winter Semester', 12, 12, 15, 29, 68, 7),
('B150337CS', 'EE1001', '2015-16 Winter Semester', 12, 12, 15, 29, 68, 7),
('B150334CS', 'EE1001', '2015-16 Winter Semester', 12, 12, 15, 29, 68, 7),
('B150200CS ', 'EE1001', '2015-16 Winter Semester', 10, 20, 18, 38, 86, 9),
('B150196CS ', 'EE1001', '2015-16 Winter Semester', 10, 20, 18, 38, 86, 9),
('B150063CS ', 'EE1001', '2015-16 Winter Semester', 10, 20, 18, 38, 86, 9),
('B150476CS', 'EE1001', '2015-16 Winter Semester', 12, 12, 15, 29, 68, 7),
('B150375CS ', 'EE1001', '2015-16 Winter Semester', 12, 12, 15, 29, 68, 7),
('B150363CS', 'EE1001', '2015-16 Winter Semester', 12, 12, 15, 29, 68, 7),
('B150398CS ', 'EE1001', '2015-16 Winter Semester', 12, 12, 15, 29, 68, 7),
('B150735CS', 'EE1001', '2015-16 Winter Semester', 12, 12, 15, 29, 68, 7),
('B150232CS', 'EE1001', '2015-16 Winter Semester', 10, 20, 18, 38, 86, 9),
('B150737CS ', 'EE1001', '2015-16 Winter Semester', 12, 12, 15, 29, 68, 7),
('B150496CS ', 'EE1001', '2015-16 Winter Semester', 12, 12, 15, 29, 68, 7),
(' B150107CS ', 'EE1001', '2015-16 Winter Semester', 10, 20, 18, 38, 86, 9),
('B150592CS ', 'EE1001', '2015-16 Winter Semester', 12, 12, 15, 29, 68, 7),
('B150310CS', 'EE1001', '2015-16 Winter Semester', 12, 12, 15, 29, 68, 7),
('B150202CS ', 'EE1001', '2015-16 Winter Semester', 10, 20, 18, 38, 86, 9),
('B150309CS ', 'EE1001', '2015-16 Winter Semester', 12, 12, 15, 29, 68, 7),
('B150221CS ', 'EE1001', '2015-16 Winter Semester', 10, 20, 18, 38, 86, 9),
('B150146CS ', 'EE1001', '2015-16 Winter Semester', 10, 20, 18, 38, 86, 9),
('B150750CS ', 'EE1001', '2015-16 Winter Semester', 12, 12, 15, 29, 68, 7),
('B150263CS', 'EE1001', '2015-16 Winter Semester', 10, 20, 18, 38, 86, 9),
('B150292CS', 'EE1001', '2015-16 Winter Semester', 12, 12, 15, 29, 68, 7),
('B150103CS', 'EE1001', '2015-16 Winter Semester', 10, 20, 18, 38, 86, 9),
('B150372CS', 'EE1001', '2015-16 Winter Semester', 12, 12, 15, 29, 68, 7),
('B150102CS ', 'EE1001', '2015-16 Winter Semester', 10, 20, 18, 38, 86, 9),
('B150434CS', 'EE1001', '2015-16 Winter Semester', 12, 12, 15, 29, 68, 7),
('B150174CS', 'MA1001', '2015 Monsoon Semester', 10, 20, 18, 38, 86, 9),
('B150177CS', 'MA1001', '2015 Monsoon Semester', 10, 20, 18, 38, 86, 9),
('B150453CS', 'MA1001', '2015 Monsoon Semester', 12, 12, 15, 29, 68, 7),
('B150337CS', 'MA1001', '2015 Monsoon Semester', 12, 12, 15, 29, 68, 7),
('B150334CS', 'MA1001', '2015 Monsoon Semester', 12, 12, 15, 29, 68, 7),
('B150200CS ', 'MA1001', '2015 Monsoon Semester', 10, 20, 18, 38, 86, 9),
('B150196CS ', 'MA1001', '2015 Monsoon Semester', 10, 20, 18, 38, 86, 9),
('B150063CS ', 'MA1001', '2015 Monsoon Semester', 10, 20, 18, 38, 86, 9),
('B150476CS', 'MA1001', '2015 Monsoon Semester', 12, 12, 15, 29, 68, 7),
('B150375CS ', 'MA1001', '2015 Monsoon Semester', 12, 12, 15, 29, 68, 7),
('B150363CS', 'MA1001', '2015 Monsoon Semester', 12, 12, 15, 29, 68, 7),
('B150398CS ', 'MA1001', '2015 Monsoon Semester', 12, 12, 15, 29, 68, 7),
('B150735CS', 'MA1001', '2015 Monsoon Semester', 12, 12, 15, 29, 68, 7),
('B150232CS', 'MA1001', '2015 Monsoon Semester', 10, 20, 18, 38, 86, 9),
('B150737CS ', 'MA1001', '2015 Monsoon Semester', 12, 12, 15, 29, 68, 7),
('B150496CS ', 'MA1001', '2015 Monsoon Semester', 12, 12, 15, 29, 68, 7),
(' B150107CS ', 'MA1001', '2015 Monsoon Semester', 10, 20, 18, 38, 86, 9),
('B150592CS ', 'MA1001', '2015 Monsoon Semester', 12, 12, 15, 29, 68, 7),
('B150310CS', 'MA1001', '2015 Monsoon Semester', 12, 12, 15, 29, 68, 7),
('B150202CS ', 'MA1001', '2015 Monsoon Semester', 10, 20, 18, 38, 86, 9),
('B150309CS ', 'MA1001', '2015 Monsoon Semester', 12, 12, 15, 29, 68, 7),
('B150221CS ', 'MA1001', '2015 Monsoon Semester', 10, 20, 18, 38, 86, 9),
('B150146CS ', 'MA1001', '2015 Monsoon Semester', 10, 20, 18, 38, 86, 9),
('B150750CS ', 'MA1001', '2015 Monsoon Semester', 12, 12, 15, 29, 68, 7),
('B150263CS', 'MA1001', '2015 Monsoon Semester', 10, 20, 18, 38, 86, 9),
('B150292CS', 'MA1001', '2015 Monsoon Semester', 12, 12, 15, 29, 68, 7),
('B150103CS', 'MA1001', '2015 Monsoon Semester', 10, 20, 18, 38, 86, 9),
('B150372CS', 'MA1001', '2015 Monsoon Semester', 12, 12, 15, 29, 68, 7),
('B150102CS ', 'MA1001', '2015 Monsoon Semester', 10, 20, 18, 38, 86, 9),
('B150434CS', 'MA1001', '2015 Monsoon Semester', 12, 12, 15, 29, 68, 7),
('B150174CS', 'MA1002', '2015-16 Winter Semester', 10, 20, 18, 38, 86, 9),
('B150177CS', 'MA1002', '2015-16 Winter Semester', 10, 20, 18, 38, 86, 9),
('B150453CS', 'MA1002', '2015-16 Winter Semester', 12, 12, 15, 29, 68, 7),
('B150337CS', 'MA1002', '2015-16 Winter Semester', 12, 12, 15, 29, 68, 7),
('B150334CS', 'MA1002', '2015-16 Winter Semester', 12, 12, 15, 29, 68, 7),
('B150200CS ', 'MA1002', '2015-16 Winter Semester', 10, 20, 18, 38, 86, 9),
('B150196CS ', 'MA1002', '2015-16 Winter Semester', 10, 20, 18, 38, 86, 9),
('B150063CS ', 'MA1002', '2015-16 Winter Semester', 10, 20, 18, 38, 86, 9),
('B150476CS', 'MA1002', '2015-16 Winter Semester', 12, 12, 15, 29, 68, 7),
('B150375CS ', 'MA1002', '2015-16 Winter Semester', 12, 12, 15, 29, 68, 7),
('B150363CS', 'MA1002', '2015-16 Winter Semester', 12, 12, 15, 29, 68, 7),
('B150398CS ', 'MA1002', '2015-16 Winter Semester', 12, 12, 15, 29, 68, 7),
('B150735CS', 'MA1002', '2015-16 Winter Semester', 12, 12, 15, 29, 68, 7),
('B150232CS', 'MA1002', '2015-16 Winter Semester', 10, 20, 18, 38, 86, 9),
('B150737CS ', 'MA1002', '2015-16 Winter Semester', 12, 12, 15, 29, 68, 7),
('B150496CS ', 'MA1002', '2015-16 Winter Semester', 12, 12, 15, 29, 68, 7),
(' B150107CS ', 'MA1002', '2015-16 Winter Semester', 10, 20, 18, 38, 86, 9),
('B150592CS ', 'MA1002', '2015-16 Winter Semester', 12, 12, 15, 29, 68, 7),
('B150310CS', 'MA1002', '2015-16 Winter Semester', 12, 12, 15, 29, 68, 7),
('B150202CS ', 'MA1002', '2015-16 Winter Semester', 10, 20, 18, 38, 86, 9),
('B150309CS ', 'MA1002', '2015-16 Winter Semester', 12, 12, 15, 29, 68, 7),
('B150221CS ', 'MA1002', '2015-16 Winter Semester', 10, 20, 18, 38, 86, 9),
('B150146CS ', 'MA1002', '2015-16 Winter Semester', 10, 20, 18, 38, 86, 9),
('B150750CS ', 'MA1002', '2015-16 Winter Semester', 12, 12, 15, 29, 68, 7),
('B150263CS', 'MA1002', '2015-16 Winter Semester', 10, 20, 18, 38, 86, 9),
('B150292CS', 'MA1002', '2015-16 Winter Semester', 12, 12, 15, 29, 68, 7),
('B150103CS', 'MA1002', '2015-16 Winter Semester', 10, 20, 18, 38, 86, 9),
('B150372CS', 'MA1002', '2015-16 Winter Semester', 12, 12, 15, 29, 68, 7),
('B150102CS ', 'MA1002', '2015-16 Winter Semester', 10, 20, 18, 38, 86, 9),
('B150434CS', 'MA1002', '2015-16 Winter Semester', 12, 12, 15, 29, 68, 7),
('B150174CS', 'MA2001', '2016 Monsoon Semester', 10, 20, 18, 38, 86, 9),
('B150177CS', 'MA2001', '2016 Monsoon Semester', 10, 20, 18, 38, 86, 9),
('B150453CS', 'MA2001', '2016 Monsoon Semester', 12, 12, 15, 29, 68, 7),
('B150337CS', 'MA2001', '2016 Monsoon Semester', 12, 12, 15, 29, 68, 7),
('B150334CS', 'MA2001', '2016 Monsoon Semester', 12, 12, 15, 29, 68, 7),
('B150200CS ', 'MA2001', '2016 Monsoon Semester', 10, 20, 18, 38, 86, 9),
('B150196CS ', 'MA2001', '2016 Monsoon Semester', 10, 20, 18, 38, 86, 9),
('B150063CS ', 'MA2001', '2016 Monsoon Semester', 10, 20, 18, 38, 86, 9),
('B150476CS', 'MA2001', '2016 Monsoon Semester', 12, 12, 15, 29, 68, 7),
('B150375CS ', 'MA2001', '2016 Monsoon Semester', 12, 12, 15, 29, 68, 7),
('B150363CS', 'MA2001', '2016 Monsoon Semester', 12, 12, 15, 29, 68, 7),
('B150398CS ', 'MA2001', '2016 Monsoon Semester', 12, 12, 15, 29, 68, 7),
('B150735CS', 'MA2001', '2016 Monsoon Semester', 12, 12, 15, 29, 68, 7),
('B150232CS', 'MA2001', '2016 Monsoon Semester', 10, 20, 18, 38, 86, 9),
('B150737CS ', 'MA2001', '2016 Monsoon Semester', 12, 12, 15, 29, 68, 7),
('B150496CS ', 'MA2001', '2016 Monsoon Semester', 12, 12, 15, 29, 68, 7),
(' B150107CS ', 'MA2001', '2016 Monsoon Semester', 10, 20, 18, 38, 86, 9),
('B150592CS ', 'MA2001', '2016 Monsoon Semester', 12, 12, 15, 29, 68, 7),
('B150310CS', 'MA2001', '2016 Monsoon Semester', 12, 12, 15, 29, 68, 7),
('B150202CS ', 'MA2001', '2016 Monsoon Semester', 10, 20, 18, 38, 86, 9),
('B150309CS ', 'MA2001', '2016 Monsoon Semester', 12, 12, 15, 29, 68, 7),
('B150221CS ', 'MA2001', '2016 Monsoon Semester', 10, 20, 18, 38, 86, 9),
('B150146CS ', 'MA2001', '2016 Monsoon Semester', 10, 20, 18, 38, 86, 9),
('B150750CS ', 'MA2001', '2016 Monsoon Semester', 12, 12, 15, 29, 68, 7),
('B150263CS', 'MA2001', '2016 Monsoon Semester', 10, 20, 18, 38, 86, 9),
('B150292CS', 'MA2001', '2016 Monsoon Semester', 12, 12, 15, 29, 68, 7),
('B150103CS', 'MA2001', '2016 Monsoon Semester', 10, 20, 18, 38, 86, 9),
('B150372CS', 'MA2001', '2016 Monsoon Semester', 12, 12, 15, 29, 68, 7),
('B150102CS ', 'MA2001', '2016 Monsoon Semester', 10, 20, 18, 38, 86, 9),
('B150434CS', 'MA2001', '2016 Monsoon Semester', 12, 12, 15, 29, 68, 7),
('B150174CS', 'MA2002', '2016-17 Winter Semester', 10, 20, 18, 38, 86, 9),
('B150177CS', 'MA2002', '2016-17 Winter Semester', 10, 20, 18, 38, 86, 9),
('B150453CS', 'MA2002', '2016-17 Winter Semester', 12, 12, 15, 29, 68, 7),
('B150337CS', 'MA2002', '2016-17 Winter Semester', 12, 12, 15, 29, 68, 7),
('B150334CS', 'MA2002', '2016-17 Winter Semester', 12, 12, 15, 29, 68, 7),
('B150200CS ', 'MA2002', '2016-17 Winter Semester', 10, 20, 18, 38, 86, 9),
('B150196CS ', 'MA2002', '2016-17 Winter Semester', 10, 20, 18, 38, 86, 9),
('B150063CS ', 'MA2002', '2016-17 Winter Semester', 10, 20, 18, 38, 86, 9),
('B150476CS', 'MA2002', '2016-17 Winter Semester', 12, 12, 15, 29, 68, 7),
('B150375CS ', 'MA2002', '2016-17 Winter Semester', 12, 12, 15, 29, 68, 7),
('B150363CS', 'MA2002', '2016-17 Winter Semester', 12, 12, 15, 29, 68, 7),
('B150398CS ', 'MA2002', '2016-17 Winter Semester', 12, 12, 15, 29, 68, 7),
('B150735CS', 'MA2002', '2016-17 Winter Semester', 12, 12, 15, 29, 68, 7),
('B150232CS', 'MA2002', '2016-17 Winter Semester', 10, 20, 18, 38, 86, 9),
('B150737CS ', 'MA2002', '2016-17 Winter Semester', 12, 12, 15, 29, 68, 7);
INSERT INTO `enroll` (`sid`, `cid`, `sem`, `T1`, `T2`, `assignment`, `end_sem`, `total`, `grade`) VALUES
('B150496CS ', 'MA2002', '2016-17 Winter Semester', 12, 12, 15, 29, 68, 7),
(' B150107CS ', 'MA2002', '2016-17 Winter Semester', 10, 20, 18, 38, 86, 9),
('B150592CS ', 'MA2002', '2016-17 Winter Semester', 12, 12, 15, 29, 68, 7),
('B150310CS', 'MA2002', '2016-17 Winter Semester', 12, 12, 15, 29, 68, 7),
('B150202CS ', 'MA2002', '2016-17 Winter Semester', 10, 20, 18, 38, 86, 9),
('B150309CS ', 'MA2002', '2016-17 Winter Semester', 12, 12, 15, 29, 68, 7),
('B150221CS ', 'MA2002', '2016-17 Winter Semester', 10, 20, 18, 38, 86, 9),
('B150146CS ', 'MA2002', '2016-17 Winter Semester', 10, 20, 18, 38, 86, 9),
('B150750CS ', 'MA2002', '2016-17 Winter Semester', 12, 12, 15, 29, 68, 7),
('B150263CS', 'MA2002', '2016-17 Winter Semester', 10, 20, 18, 38, 86, 9),
('B150292CS', 'MA2002', '2016-17 Winter Semester', 12, 12, 15, 29, 68, 7),
('B150103CS', 'MA2002', '2016-17 Winter Semester', 10, 20, 18, 38, 86, 9),
('B150372CS', 'MA2002', '2016-17 Winter Semester', 12, 12, 15, 29, 68, 7),
('B150102CS ', 'MA2002', '2016-17 Winter Semester', 10, 20, 18, 38, 86, 9),
('B150434CS', 'MA2002', '2016-17 Winter Semester', 12, 12, 15, 29, 68, 7),
('B150174CS', 'MS1001', '2015 Monsoon Semester', 10, 20, 18, 38, 86, 9),
('B150177CS', 'MS1001', '2015 Monsoon Semester', 10, 20, 18, 38, 86, 9),
('B150453CS', 'MS1001', '2015 Monsoon Semester', 12, 12, 15, 29, 68, 7),
('B150337CS', 'MS1001', '2015 Monsoon Semester', 12, 12, 15, 29, 68, 7),
('B150334CS', 'MS1001', '2015 Monsoon Semester', 12, 12, 15, 29, 68, 7),
('B150200CS ', 'MS1001', '2015 Monsoon Semester', 10, 20, 18, 38, 86, 9),
('B150196CS ', 'MS1001', '2015 Monsoon Semester', 10, 20, 18, 38, 86, 9),
('B150063CS ', 'MS1001', '2015 Monsoon Semester', 10, 20, 18, 38, 86, 9),
('B150476CS', 'MS1001', '2015 Monsoon Semester', 12, 12, 15, 29, 68, 7),
('B150375CS ', 'MS1001', '2015 Monsoon Semester', 12, 12, 15, 29, 68, 7),
('B150363CS', 'MS1001', '2015 Monsoon Semester', 12, 12, 15, 29, 68, 7),
('B150398CS ', 'MS1001', '2015 Monsoon Semester', 12, 12, 15, 29, 68, 7),
('B150735CS', 'MS1001', '2015 Monsoon Semester', 12, 12, 15, 29, 68, 7),
('B150232CS', 'MS1001', '2015 Monsoon Semester', 10, 20, 18, 38, 86, 9),
('B150737CS ', 'MS1001', '2015 Monsoon Semester', 12, 12, 15, 29, 68, 7),
('B150496CS ', 'MS1001', '2015 Monsoon Semester', 12, 12, 15, 29, 68, 7),
(' B150107CS ', 'MS1001', '2015 Monsoon Semester', 10, 20, 18, 38, 86, 9),
('B150592CS ', 'MS1001', '2015 Monsoon Semester', 12, 12, 15, 29, 68, 7),
('B150310CS', 'MS1001', '2015 Monsoon Semester', 12, 12, 15, 29, 68, 7),
('B150202CS ', 'MS1001', '2015 Monsoon Semester', 10, 20, 18, 38, 86, 9),
('B150309CS ', 'MS1001', '2015 Monsoon Semester', 12, 12, 15, 29, 68, 7),
('B150221CS ', 'MS1001', '2015 Monsoon Semester', 10, 20, 18, 38, 86, 9),
('B150146CS ', 'MS1001', '2015 Monsoon Semester', 10, 20, 18, 38, 86, 9),
('B150750CS ', 'MS1001', '2015 Monsoon Semester', 12, 12, 15, 29, 68, 7),
('B150263CS', 'MS1001', '2015 Monsoon Semester', 10, 20, 18, 38, 86, 9),
('B150292CS', 'MS1001', '2015 Monsoon Semester', 12, 12, 15, 29, 68, 7),
('B150103CS', 'MS1001', '2015 Monsoon Semester', 10, 20, 18, 38, 86, 9),
('B150372CS', 'MS1001', '2015 Monsoon Semester', 12, 12, 15, 29, 68, 7),
('B150102CS ', 'MS1001', '2015 Monsoon Semester', 10, 20, 18, 38, 86, 9),
('B150434CS', 'MS1001', '2015 Monsoon Semester', 12, 12, 15, 29, 68, 7),
('B150174CS', 'PH1001', '2015-16 Winter Semester', 10, 20, 18, 38, 86, 9),
('B150177CS', 'PH1001', '2015-16 Winter Semester', 10, 20, 18, 38, 86, 9),
('B150453CS', 'PH1001', '2015-16 Winter Semester', 12, 12, 15, 29, 68, 7),
('B150337CS', 'PH1001', '2015-16 Winter Semester', 12, 12, 15, 29, 68, 7),
('B150334CS', 'PH1001', '2015-16 Winter Semester', 12, 12, 15, 29, 68, 7),
('B150200CS ', 'PH1001', '2015-16 Winter Semester', 10, 20, 18, 38, 86, 9),
('B150196CS ', 'PH1001', '2015-16 Winter Semester', 10, 20, 18, 38, 86, 9),
('B150063CS ', 'PH1001', '2015-16 Winter Semester', 10, 20, 18, 38, 86, 9),
('B150476CS', 'PH1001', '2015-16 Winter Semester', 12, 12, 15, 29, 68, 7),
('B150375CS ', 'PH1001', '2015-16 Winter Semester', 12, 12, 15, 29, 68, 7),
('B150363CS', 'PH1001', '2015-16 Winter Semester', 12, 12, 15, 29, 68, 7),
('B150398CS ', 'PH1001', '2015-16 Winter Semester', 12, 12, 15, 29, 68, 7),
('B150735CS', 'PH1001', '2015-16 Winter Semester', 12, 12, 15, 29, 68, 7),
('B150232CS', 'PH1001', '2015-16 Winter Semester', 10, 20, 18, 38, 86, 9),
('B150737CS ', 'PH1001', '2015-16 Winter Semester', 12, 12, 15, 29, 68, 7),
('B150496CS ', 'PH1001', '2015-16 Winter Semester', 12, 12, 15, 29, 68, 7),
(' B150107CS ', 'PH1001', '2015-16 Winter Semester', 10, 20, 18, 38, 86, 9),
('B150592CS ', 'PH1001', '2015-16 Winter Semester', 12, 12, 15, 29, 68, 7),
('B150310CS', 'PH1001', '2015-16 Winter Semester', 12, 12, 15, 29, 68, 7),
('B150202CS ', 'PH1001', '2015-16 Winter Semester', 10, 20, 18, 38, 86, 9),
('B150309CS ', 'PH1001', '2015-16 Winter Semester', 12, 12, 15, 29, 68, 7),
('B150221CS ', 'PH1001', '2015-16 Winter Semester', 10, 20, 18, 38, 86, 9),
('B150146CS ', 'PH1001', '2015-16 Winter Semester', 10, 20, 18, 38, 86, 9),
('B150750CS ', 'PH1001', '2015-16 Winter Semester', 12, 12, 15, 29, 68, 7),
('B150263CS', 'PH1001', '2015-16 Winter Semester', 10, 20, 18, 38, 86, 9),
('B150292CS', 'PH1001', '2015-16 Winter Semester', 12, 12, 15, 29, 68, 7),
('B150103CS', 'PH1001', '2015-16 Winter Semester', 10, 20, 18, 38, 86, 9),
('B150372CS', 'PH1001', '2015-16 Winter Semester', 12, 12, 15, 29, 68, 7),
('B150102CS ', 'PH1001', '2015-16 Winter Semester', 10, 20, 18, 38, 86, 9),
('B150434CS', 'PH1001', '2015-16 Winter Semester', 12, 12, 15, 29, 68, 7),
('B150174CS', 'PH1091', '2015-16 Winter Semester', 10, 20, 18, 38, 86, 9),
('B150177CS', 'PH1091', '2015-16 Winter Semester', 10, 20, 18, 38, 86, 9),
('B150453CS', 'PH1091', '2015-16 Winter Semester', 12, 12, 15, 29, 68, 7),
('B150337CS', 'PH1091', '2015-16 Winter Semester', 12, 12, 15, 29, 68, 7),
('B150334CS', 'PH1091', '2015-16 Winter Semester', 12, 12, 15, 29, 68, 7),
('B150200CS ', 'PH1091', '2015-16 Winter Semester', 10, 20, 18, 38, 86, 9),
('B150196CS ', 'PH1091', '2015-16 Winter Semester', 10, 20, 18, 38, 86, 9),
('B150063CS ', 'PH1091', '2015-16 Winter Semester', 10, 20, 18, 38, 86, 9),
('B150476CS', 'PH1091', '2015-16 Winter Semester', 12, 12, 15, 29, 68, 7),
('B150375CS ', 'PH1091', '2015-16 Winter Semester', 12, 12, 15, 29, 68, 7),
('B150363CS', 'PH1091', '2015-16 Winter Semester', 12, 12, 15, 29, 68, 7),
('B150398CS ', 'PH1091', '2015-16 Winter Semester', 12, 12, 15, 29, 68, 7),
('B150735CS', 'PH1091', '2015-16 Winter Semester', 12, 12, 15, 29, 68, 7),
('B150232CS', 'PH1091', '2015-16 Winter Semester', 10, 20, 18, 38, 86, 9),
('B150737CS ', 'PH1091', '2015-16 Winter Semester', 12, 12, 15, 29, 68, 7),
('B150496CS ', 'PH1091', '2015-16 Winter Semester', 12, 12, 15, 29, 68, 7),
(' B150107CS ', 'PH1091', '2015-16 Winter Semester', 10, 20, 18, 38, 86, 9),
('B150592CS ', 'PH1091', '2015-16 Winter Semester', 12, 12, 15, 29, 68, 7),
('B150310CS', 'PH1091', '2015-16 Winter Semester', 12, 12, 15, 29, 68, 7),
('B150202CS ', 'PH1091', '2015-16 Winter Semester', 10, 20, 18, 38, 86, 9),
('B150309CS ', 'PH1091', '2015-16 Winter Semester', 12, 12, 15, 29, 68, 7),
('B150221CS ', 'PH1091', '2015-16 Winter Semester', 10, 20, 18, 38, 86, 9),
('B150146CS ', 'PH1091', '2015-16 Winter Semester', 10, 20, 18, 38, 86, 9),
('B150750CS ', 'PH1091', '2015-16 Winter Semester', 12, 12, 15, 29, 68, 7),
('B150263CS', 'PH1091', '2015-16 Winter Semester', 10, 20, 18, 38, 86, 9),
('B150292CS', 'PH1091', '2015-16 Winter Semester', 12, 12, 15, 29, 68, 7),
('B150103CS', 'PH1091', '2015-16 Winter Semester', 10, 20, 18, 38, 86, 9),
('B150372CS', 'PH1091', '2015-16 Winter Semester', 12, 12, 15, 29, 68, 7),
('B150102CS ', 'PH1091', '2015-16 Winter Semester', 10, 20, 18, 38, 86, 9),
('B150434CS', 'PH1091', '2015-16 Winter Semester', 12, 12, 15, 29, 68, 7),
('B150174CS', 'PY1094', '2015 Monsoon Semester', 10, 20, 18, 38, 86, 9),
('B150177CS', 'PY1094', '2015 Monsoon Semester', 10, 20, 18, 38, 86, 9),
('B150453CS', 'PY1094', '2015 Monsoon Semester', 12, 12, 15, 29, 68, 7),
('B150337CS', 'PY1094', '2015 Monsoon Semester', 12, 12, 15, 29, 68, 7),
('B150334CS', 'PY1094', '2015 Monsoon Semester', 12, 12, 15, 29, 68, 7),
('B150200CS ', 'PY1094', '2015 Monsoon Semester', 10, 20, 18, 38, 86, 9),
('B150196CS ', 'PY1094', '2015 Monsoon Semester', 10, 20, 18, 38, 86, 9),
('B150063CS ', 'PY1094', '2015 Monsoon Semester', 10, 20, 18, 38, 86, 9),
('B150476CS', 'PY1094', '2015 Monsoon Semester', 12, 12, 15, 29, 68, 7),
('B150375CS ', 'PY1094', '2015 Monsoon Semester', 12, 12, 15, 29, 68, 7),
('B150363CS', 'PY1094', '2015 Monsoon Semester', 12, 12, 15, 29, 68, 7),
('B150398CS ', 'PY1094', '2015 Monsoon Semester', 12, 12, 15, 29, 68, 7),
('B150735CS', 'PY1094', '2015 Monsoon Semester', 12, 12, 15, 29, 68, 7),
('B150232CS', 'PY1094', '2015 Monsoon Semester', 10, 20, 18, 38, 86, 9),
('B150737CS ', 'PY1094', '2015 Monsoon Semester', 12, 12, 15, 29, 68, 7),
('B150496CS ', 'PY1094', '2015 Monsoon Semester', 12, 12, 15, 29, 68, 7),
(' B150107CS ', 'PY1094', '2015 Monsoon Semester', 10, 20, 18, 38, 86, 9),
('B150592CS ', 'PY1094', '2015 Monsoon Semester', 12, 12, 15, 29, 68, 7),
('B150310CS', 'PY1094', '2015 Monsoon Semester', 12, 12, 15, 29, 68, 7),
('B150202CS ', 'PY1094', '2015 Monsoon Semester', 10, 20, 18, 38, 86, 9),
('B150309CS ', 'PY1094', '2015 Monsoon Semester', 12, 12, 15, 29, 68, 7),
('B150221CS ', 'PY1094', '2015 Monsoon Semester', 10, 20, 18, 38, 86, 9),
('B150146CS ', 'PY1094', '2015 Monsoon Semester', 10, 20, 18, 38, 86, 9),
('B150750CS ', 'PY1094', '2015 Monsoon Semester', 12, 12, 15, 29, 68, 7),
('B150263CS', 'PY1094', '2015 Monsoon Semester', 10, 20, 18, 38, 86, 9),
('B150292CS', 'PY1094', '2015 Monsoon Semester', 12, 12, 15, 29, 68, 7),
('B150103CS', 'PY1094', '2015 Monsoon Semester', 10, 20, 18, 38, 86, 9),
('B150372CS', 'PY1094', '2015 Monsoon Semester', 12, 12, 15, 29, 68, 7),
('B150102CS ', 'PY1094', '2015 Monsoon Semester', 10, 20, 18, 38, 86, 9),
('B150434CS', 'PY1094', '2015 Monsoon Semester', 12, 12, 15, 29, 68, 7),
('B150174CS', 'ZZ1001', '2015 Monsoon Semester', 10, 20, 18, 38, 86, 9),
('B150177CS', 'ZZ1001', '2015 Monsoon Semester', 10, 20, 18, 38, 86, 9),
('B150453CS', 'ZZ1001', '2015 Monsoon Semester', 12, 12, 15, 29, 68, 7),
('B150337CS', 'ZZ1001', '2015 Monsoon Semester', 12, 12, 15, 29, 68, 7),
('B150334CS', 'ZZ1001', '2015 Monsoon Semester', 12, 12, 15, 29, 68, 7),
('B150200CS ', 'ZZ1001', '2015 Monsoon Semester', 10, 20, 18, 38, 86, 9),
('B150196CS ', 'ZZ1001', '2015 Monsoon Semester', 10, 20, 18, 38, 86, 9),
('B150063CS ', 'ZZ1001', '2015 Monsoon Semester', 10, 20, 18, 38, 86, 9),
('B150476CS', 'ZZ1001', '2015 Monsoon Semester', 12, 12, 15, 29, 68, 7),
('B150375CS ', 'ZZ1001', '2015 Monsoon Semester', 12, 12, 15, 29, 68, 7),
('B150363CS', 'ZZ1001', '2015 Monsoon Semester', 12, 12, 15, 29, 68, 7),
('B150398CS ', 'ZZ1001', '2015 Monsoon Semester', 12, 12, 15, 29, 68, 7),
('B150735CS', 'ZZ1001', '2015 Monsoon Semester', 12, 12, 15, 29, 68, 7),
('B150232CS', 'ZZ1001', '2015 Monsoon Semester', 10, 20, 18, 38, 86, 9),
('B150737CS ', 'ZZ1001', '2015 Monsoon Semester', 12, 12, 15, 29, 68, 7),
('B150496CS ', 'ZZ1001', '2015 Monsoon Semester', 12, 12, 15, 29, 68, 7),
(' B150107CS ', 'ZZ1001', '2015 Monsoon Semester', 10, 20, 18, 38, 86, 9),
('B150592CS ', 'ZZ1001', '2015 Monsoon Semester', 12, 12, 15, 29, 68, 7),
('B150310CS', 'ZZ1001', '2015 Monsoon Semester', 12, 12, 15, 29, 68, 7),
('B150202CS ', 'ZZ1001', '2015 Monsoon Semester', 10, 20, 18, 38, 86, 9),
('B150309CS ', 'ZZ1001', '2015 Monsoon Semester', 12, 12, 15, 29, 68, 7),
('B150221CS ', 'ZZ1001', '2015 Monsoon Semester', 10, 20, 18, 38, 86, 9),
('B150146CS ', 'ZZ1001', '2015 Monsoon Semester', 10, 20, 18, 38, 86, 9),
('B150750CS ', 'ZZ1001', '2015 Monsoon Semester', 12, 12, 15, 29, 68, 7),
('B150263CS', 'ZZ1001', '2015 Monsoon Semester', 10, 20, 18, 38, 86, 9),
('B150292CS', 'ZZ1001', '2015 Monsoon Semester', 12, 12, 15, 29, 68, 7),
('B150103CS', 'ZZ1001', '2015 Monsoon Semester', 10, 20, 18, 38, 86, 9),
('B150372CS', 'ZZ1001', '2015 Monsoon Semester', 12, 12, 15, 29, 68, 7),
('B150102CS ', 'ZZ1001', '2015 Monsoon Semester', 10, 20, 18, 38, 86, 9),
('B150434CS', 'ZZ1001', '2015 Monsoon Semester', 12, 12, 15, 29, 68, 7),
('B150174CS', 'ZZ1002', '2015-16 Winter Semester', 10, 20, 18, 38, 86, 9),
('B150177CS', 'ZZ1002', '2015-16 Winter Semester', 10, 20, 18, 38, 86, 9),
('B150453CS', 'ZZ1002', '2015-16 Winter Semester', 12, 12, 15, 29, 68, 7),
('B150337CS', 'ZZ1002', '2015-16 Winter Semester', 12, 12, 15, 29, 68, 7),
('B150334CS', 'ZZ1002', '2015-16 Winter Semester', 12, 12, 15, 29, 68, 7),
('B150200CS ', 'ZZ1002', '2015-16 Winter Semester', 10, 20, 18, 38, 86, 9),
('B150196CS ', 'ZZ1002', '2015-16 Winter Semester', 10, 20, 18, 38, 86, 9),
('B150063CS ', 'ZZ1002', '2015-16 Winter Semester', 10, 20, 18, 38, 86, 9),
('B150476CS', 'ZZ1002', '2015-16 Winter Semester', 12, 12, 15, 29, 68, 7),
('B150375CS ', 'ZZ1002', '2015-16 Winter Semester', 12, 12, 15, 29, 68, 7),
('B150363CS', 'ZZ1002', '2015-16 Winter Semester', 12, 12, 15, 29, 68, 7),
('B150398CS ', 'ZZ1002', '2015-16 Winter Semester', 12, 12, 15, 29, 68, 7),
('B150735CS', 'ZZ1002', '2015-16 Winter Semester', 12, 12, 15, 29, 68, 7),
('B150232CS', 'ZZ1002', '2015-16 Winter Semester', 10, 20, 18, 38, 86, 9),
('B150737CS ', 'ZZ1002', '2015-16 Winter Semester', 12, 12, 15, 29, 68, 7),
('B150496CS ', 'ZZ1002', '2015-16 Winter Semester', 12, 12, 15, 29, 68, 7),
(' B150107CS ', 'ZZ1002', '2015-16 Winter Semester', 10, 20, 18, 38, 86, 9),
('B150592CS ', 'ZZ1002', '2015-16 Winter Semester', 12, 12, 15, 29, 68, 7),
('B150310CS', 'ZZ1002', '2015-16 Winter Semester', 12, 12, 15, 29, 68, 7),
('B150202CS ', 'ZZ1002', '2015-16 Winter Semester', 10, 20, 18, 38, 86, 9),
('B150309CS ', 'ZZ1002', '2015-16 Winter Semester', 12, 12, 15, 29, 68, 7),
('B150221CS ', 'ZZ1002', '2015-16 Winter Semester', 10, 20, 18, 38, 86, 9),
('B150146CS ', 'ZZ1002', '2015-16 Winter Semester', 10, 20, 18, 38, 86, 9),
('B150750CS ', 'ZZ1002', '2015-16 Winter Semester', 12, 12, 15, 29, 68, 7),
('B150263CS', 'ZZ1002', '2015-16 Winter Semester', 10, 20, 18, 38, 86, 9),
('B150292CS', 'ZZ1002', '2015-16 Winter Semester', 12, 12, 15, 29, 68, 7),
('B150103CS', 'ZZ1002', '2015-16 Winter Semester', 10, 20, 18, 38, 86, 9),
('B150372CS', 'ZZ1002', '2015-16 Winter Semester', 12, 12, 15, 29, 68, 7),
('B150102CS ', 'ZZ1002', '2015-16 Winter Semester', 10, 20, 18, 38, 86, 9),
('B150434CS', 'ZZ1002', '2015-16 Winter Semester', 12, 12, 15, 29, 68, 7),
('B150174CS', 'ZZ1004', '2015 Monsoon Semester', 10, 20, 18, 38, 86, 9),
('B150177CS', 'ZZ1004', '2015 Monsoon Semester', 10, 20, 18, 38, 86, 9),
('B150453CS', 'ZZ1004', '2015 Monsoon Semester', 12, 12, 15, 29, 68, 7),
('B150337CS', 'ZZ1004', '2015 Monsoon Semester', 12, 12, 15, 29, 68, 7),
('B150334CS', 'ZZ1004', '2015 Monsoon Semester', 12, 12, 15, 29, 68, 7),
('B150200CS ', 'ZZ1004', '2015 Monsoon Semester', 10, 20, 18, 38, 86, 9),
('B150196CS ', 'ZZ1004', '2015 Monsoon Semester', 10, 20, 18, 38, 86, 9),
('B150063CS ', 'ZZ1004', '2015 Monsoon Semester', 10, 20, 18, 38, 86, 9),
('B150476CS', 'ZZ1004', '2015 Monsoon Semester', 12, 12, 15, 29, 68, 7),
('B150375CS ', 'ZZ1004', '2015 Monsoon Semester', 12, 12, 15, 29, 68, 7),
('B150363CS', 'ZZ1004', '2015 Monsoon Semester', 12, 12, 15, 29, 68, 7),
('B150398CS ', 'ZZ1004', '2015 Monsoon Semester', 12, 12, 15, 29, 68, 7),
('B150735CS', 'ZZ1004', '2015 Monsoon Semester', 12, 12, 15, 29, 68, 7),
('B150232CS', 'ZZ1004', '2015 Monsoon Semester', 10, 20, 18, 38, 86, 9),
('B150737CS ', 'ZZ1004', '2015 Monsoon Semester', 12, 12, 15, 29, 68, 7),
('B150496CS ', 'ZZ1004', '2015 Monsoon Semester', 12, 12, 15, 29, 68, 7),
(' B150107CS ', 'ZZ1004', '2015 Monsoon Semester', 10, 20, 18, 38, 86, 9),
('B150592CS ', 'ZZ1004', '2015 Monsoon Semester', 12, 12, 15, 29, 68, 7),
('B150310CS', 'ZZ1004', '2015 Monsoon Semester', 12, 12, 15, 29, 68, 7),
('B150202CS ', 'ZZ1004', '2015 Monsoon Semester', 10, 20, 18, 38, 86, 9),
('B150309CS ', 'ZZ1004', '2015 Monsoon Semester', 12, 12, 15, 29, 68, 7),
('B150221CS ', 'ZZ1004', '2015 Monsoon Semester', 10, 20, 18, 38, 86, 9),
('B150146CS ', 'ZZ1004', '2015 Monsoon Semester', 10, 20, 18, 38, 86, 9),
('B150750CS ', 'ZZ1004', '2015 Monsoon Semester', 12, 12, 15, 29, 68, 7),
('B150263CS', 'ZZ1004', '2015 Monsoon Semester', 10, 20, 18, 38, 86, 9),
('B150292CS', 'ZZ1004', '2015 Monsoon Semester', 12, 12, 15, 29, 68, 7),
('B150103CS', 'ZZ1004', '2015 Monsoon Semester', 10, 20, 18, 38, 86, 9),
('B150372CS', 'ZZ1004', '2015 Monsoon Semester', 12, 12, 15, 29, 68, 7),
('B150102CS ', 'ZZ1004', '2015 Monsoon Semester', 10, 20, 18, 38, 86, 9),
('B150434CS', 'ZZ1004', '2015 Monsoon Semester', 12, 12, 15, 29, 68, 7),
('B150174CS', 'ZZ1091', '2015-16 Winter Semester', 10, 20, 18, 38, 86, 9),
('B150177CS', 'ZZ1091', '2015-16 Winter Semester', 10, 20, 18, 38, 86, 9),
('B150453CS', 'ZZ1091', '2015-16 Winter Semester', 12, 12, 15, 29, 68, 7),
('B150337CS', 'ZZ1091', '2015-16 Winter Semester', 12, 12, 15, 29, 68, 7),
('B150334CS', 'ZZ1091', '2015-16 Winter Semester', 12, 12, 15, 29, 68, 7),
('B150200CS ', 'ZZ1091', '2015-16 Winter Semester', 10, 20, 18, 38, 86, 9),
('B150196CS ', 'ZZ1091', '2015-16 Winter Semester', 10, 20, 18, 38, 86, 9),
('B150063CS ', 'ZZ1091', '2015-16 Winter Semester', 10, 20, 18, 38, 86, 9),
('B150476CS', 'ZZ1091', '2015-16 Winter Semester', 12, 12, 15, 29, 68, 7),
('B150375CS ', 'ZZ1091', '2015-16 Winter Semester', 12, 12, 15, 29, 68, 7),
('B150363CS', 'ZZ1091', '2015-16 Winter Semester', 12, 12, 15, 29, 68, 7),
('B150398CS ', 'ZZ1091', '2015-16 Winter Semester', 12, 12, 15, 29, 68, 7),
('B150735CS', 'ZZ1091', '2015-16 Winter Semester', 12, 12, 15, 29, 68, 7),
('B150232CS', 'ZZ1091', '2015-16 Winter Semester', 10, 20, 18, 38, 86, 9),
('B150737CS ', 'ZZ1091', '2015-16 Winter Semester', 12, 12, 15, 29, 68, 7),
('B150496CS ', 'ZZ1091', '2015-16 Winter Semester', 12, 12, 15, 29, 68, 7),
(' B150107CS ', 'ZZ1091', '2015-16 Winter Semester', 10, 20, 18, 38, 86, 9),
('B150592CS ', 'ZZ1091', '2015-16 Winter Semester', 12, 12, 15, 29, 68, 7),
('B150310CS', 'ZZ1091', '2015-16 Winter Semester', 12, 12, 15, 29, 68, 7),
('B150202CS ', 'ZZ1091', '2015-16 Winter Semester', 10, 20, 18, 38, 86, 9),
('B150309CS ', 'ZZ1091', '2015-16 Winter Semester', 12, 12, 15, 29, 68, 7),
('B150221CS ', 'ZZ1091', '2015-16 Winter Semester', 10, 20, 18, 38, 86, 9),
('B150146CS ', 'ZZ1091', '2015-16 Winter Semester', 10, 20, 18, 38, 86, 9),
('B150750CS ', 'ZZ1091', '2015-16 Winter Semester', 12, 12, 15, 29, 68, 7),
('B150263CS', 'ZZ1091', '2015-16 Winter Semester', 10, 20, 18, 38, 86, 9),
('B150292CS', 'ZZ1091', '2015-16 Winter Semester', 12, 12, 15, 29, 68, 7),
('B150103CS', 'ZZ1091', '2015-16 Winter Semester', 10, 20, 18, 38, 86, 9),
('B150372CS', 'ZZ1091', '2015-16 Winter Semester', 12, 12, 15, 29, 68, 7),
('B150102CS ', 'ZZ1091', '2015-16 Winter Semester', 10, 20, 18, 38, 86, 9),
('B150434CS', 'ZZ1091', '2015-16 Winter Semester', 12, 12, 15, 29, 68, 7),
('B150174CS', 'ZZ1092', '2015 Monsoon Semester', 10, 20, 18, 38, 86, 9),
('B150177CS', 'ZZ1092', '2015 Monsoon Semester', 10, 20, 18, 38, 86, 9),
('B150453CS', 'ZZ1092', '2015 Monsoon Semester', 12, 12, 15, 29, 68, 7),
('B150337CS', 'ZZ1092', '2015 Monsoon Semester', 12, 12, 15, 29, 68, 7),
('B150334CS', 'ZZ1092', '2015 Monsoon Semester', 12, 12, 15, 29, 68, 7),
('B150200CS ', 'ZZ1092', '2015 Monsoon Semester', 10, 20, 18, 38, 86, 9),
('B150196CS ', 'ZZ1092', '2015 Monsoon Semester', 10, 20, 18, 38, 86, 9),
('B150063CS ', 'ZZ1092', '2015 Monsoon Semester', 10, 20, 18, 38, 86, 9),
('B150476CS', 'ZZ1092', '2015 Monsoon Semester', 12, 12, 15, 29, 68, 7),
('B150375CS ', 'ZZ1092', '2015 Monsoon Semester', 12, 12, 15, 29, 68, 7),
('B150363CS', 'ZZ1092', '2015 Monsoon Semester', 12, 12, 15, 29, 68, 7),
('B150398CS ', 'ZZ1092', '2015 Monsoon Semester', 12, 12, 15, 29, 68, 7),
('B150735CS', 'ZZ1092', '2015 Monsoon Semester', 12, 12, 15, 29, 68, 7),
('B150232CS', 'ZZ1092', '2015 Monsoon Semester', 10, 20, 18, 38, 86, 9),
('B150737CS ', 'ZZ1092', '2015 Monsoon Semester', 12, 12, 15, 29, 68, 7),
('B150496CS ', 'ZZ1092', '2015 Monsoon Semester', 12, 12, 15, 29, 68, 7),
(' B150107CS ', 'ZZ1092', '2015 Monsoon Semester', 10, 20, 18, 38, 86, 9),
('B150592CS ', 'ZZ1092', '2015 Monsoon Semester', 12, 12, 15, 29, 68, 7),
('B150310CS', 'ZZ1092', '2015 Monsoon Semester', 12, 12, 15, 29, 68, 7),
('B150202CS ', 'ZZ1092', '2015 Monsoon Semester', 10, 20, 18, 38, 86, 9),
('B150309CS ', 'ZZ1092', '2015 Monsoon Semester', 12, 12, 15, 29, 68, 7),
('B150221CS ', 'ZZ1092', '2015 Monsoon Semester', 10, 20, 18, 38, 86, 9),
('B150146CS ', 'ZZ1092', '2015 Monsoon Semester', 10, 20, 18, 38, 86, 9),
('B150750CS ', 'ZZ1092', '2015 Monsoon Semester', 12, 12, 15, 29, 68, 7),
('B150263CS', 'ZZ1092', '2015 Monsoon Semester', 10, 20, 18, 38, 86, 9),
('B150292CS', 'ZZ1092', '2015 Monsoon Semester', 12, 12, 15, 29, 68, 7),
('B150103CS', 'ZZ1092', '2015 Monsoon Semester', 10, 20, 18, 38, 86, 9),
('B150372CS', 'ZZ1092', '2015 Monsoon Semester', 12, 12, 15, 29, 68, 7),
('B150102CS ', 'ZZ1092', '2015 Monsoon Semester', 10, 20, 18, 38, 86, 9),
('B150434CS', 'ZZ1092', '2015 Monsoon Semester', 12, 12, 15, 29, 68, 7),
('B150174CS', 'ZZ1093', '2016-17 Winter Semester', 10, 20, 18, 38, 86, 9),
('B150177CS', 'ZZ1093', '2016-17 Winter Semester', 10, 20, 18, 38, 86, 9),
('B150453CS', 'ZZ1093', '2016-17 Winter Semester', 12, 12, 15, 29, 68, 7),
('B150337CS', 'ZZ1093', '2016-17 Winter Semester', 12, 12, 15, 29, 68, 7),
('B150334CS', 'ZZ1093', '2016-17 Winter Semester', 12, 12, 15, 29, 68, 7),
('B150200CS ', 'ZZ1093', '2016-17 Winter Semester', 10, 20, 18, 38, 86, 9),
('B150196CS ', 'ZZ1093', '2016-17 Winter Semester', 10, 20, 18, 38, 86, 9),
('B150063CS ', 'ZZ1093', '2016-17 Winter Semester', 10, 20, 18, 38, 86, 9),
('B150476CS', 'ZZ1093', '2016-17 Winter Semester', 12, 12, 15, 29, 68, 7),
('B150375CS ', 'ZZ1093', '2016-17 Winter Semester', 12, 12, 15, 29, 68, 7),
('B150363CS', 'ZZ1093', '2016-17 Winter Semester', 12, 12, 15, 29, 68, 7),
('B150398CS ', 'ZZ1093', '2016-17 Winter Semester', 12, 12, 15, 29, 68, 7),
('B150735CS', 'ZZ1093', '2016-17 Winter Semester', 12, 12, 15, 29, 68, 7),
('B150232CS', 'ZZ1093', '2016-17 Winter Semester', 10, 20, 18, 38, 86, 9),
('B150737CS ', 'ZZ1093', '2016-17 Winter Semester', 12, 12, 15, 29, 68, 7),
('B150496CS ', 'ZZ1093', '2016-17 Winter Semester', 12, 12, 15, 29, 68, 7),
(' B150107CS ', 'ZZ1093', '2016-17 Winter Semester', 10, 20, 18, 38, 86, 9),
('B150592CS ', 'ZZ1093', '2016-17 Winter Semester', 12, 12, 15, 29, 68, 7),
('B150310CS', 'ZZ1093', '2016-17 Winter Semester', 12, 12, 15, 29, 68, 7),
('B150202CS ', 'ZZ1093', '2016-17 Winter Semester', 10, 20, 18, 38, 86, 9),
('B150309CS ', 'ZZ1093', '2016-17 Winter Semester', 12, 12, 15, 29, 68, 7),
('B150221CS ', 'ZZ1093', '2016-17 Winter Semester', 10, 20, 18, 38, 86, 9),
('B150146CS ', 'ZZ1093', '2016-17 Winter Semester', 10, 20, 18, 38, 86, 9),
('B150750CS ', 'ZZ1093', '2016-17 Winter Semester', 12, 12, 15, 29, 68, 7),
('B150263CS', 'ZZ1093', '2016-17 Winter Semester', 10, 20, 18, 38, 86, 9),
('B150292CS', 'ZZ1093', '2016-17 Winter Semester', 12, 12, 15, 29, 68, 7),
('B150103CS', 'ZZ1093', '2016-17 Winter Semester', 10, 20, 18, 38, 86, 9),
('B150372CS', 'ZZ1093', '2016-17 Winter Semester', 12, 12, 15, 29, 68, 7),
('B150102CS ', 'ZZ1093', '2016-17 Winter Semester', 10, 20, 18, 38, 86, 9),
('B150434CS', 'ZZ1093', '2016-17 Winter Semester', 12, 12, 15, 29, 68, 7),
('B150174CS', 'ZZ1094', '2015-16 Winter Semester', 10, 20, 18, 38, 86, 9),
('B150177CS', 'ZZ1094', '2015-16 Winter Semester', 10, 20, 18, 38, 86, 9),
('B150453CS', 'ZZ1094', '2015-16 Winter Semester', 12, 12, 15, 29, 68, 7),
('B150337CS', 'ZZ1094', '2015-16 Winter Semester', 12, 12, 15, 29, 68, 7),
('B150334CS', 'ZZ1094', '2015-16 Winter Semester', 12, 12, 15, 29, 68, 7),
('B150200CS ', 'ZZ1094', '2015-16 Winter Semester', 10, 20, 18, 38, 86, 9),
('B150196CS ', 'ZZ1094', '2015-16 Winter Semester', 10, 20, 18, 38, 86, 9),
('B150063CS ', 'ZZ1094', '2015-16 Winter Semester', 10, 20, 18, 38, 86, 9),
('B150476CS', 'ZZ1094', '2015-16 Winter Semester', 12, 12, 15, 29, 68, 7),
('B150375CS ', 'ZZ1094', '2015-16 Winter Semester', 12, 12, 15, 29, 68, 7),
('B150363CS', 'ZZ1094', '2015-16 Winter Semester', 12, 12, 15, 29, 68, 7),
('B150398CS ', 'ZZ1094', '2015-16 Winter Semester', 12, 12, 15, 29, 68, 7),
('B150735CS', 'ZZ1094', '2015-16 Winter Semester', 12, 12, 15, 29, 68, 7),
('B150232CS', 'ZZ1094', '2015-16 Winter Semester', 10, 20, 18, 38, 86, 9),
('B150737CS ', 'ZZ1094', '2015-16 Winter Semester', 12, 12, 15, 29, 68, 7),
('B150496CS ', 'ZZ1094', '2015-16 Winter Semester', 12, 12, 15, 29, 68, 7),
(' B150107CS ', 'ZZ1094', '2015-16 Winter Semester', 10, 20, 18, 38, 86, 9),
('B150592CS ', 'ZZ1094', '2015-16 Winter Semester', 12, 12, 15, 29, 68, 7),
('B150310CS', 'ZZ1094', '2015-16 Winter Semester', 12, 12, 15, 29, 68, 7),
('B150202CS ', 'ZZ1094', '2015-16 Winter Semester', 10, 20, 18, 38, 86, 9),
('B150309CS ', 'ZZ1094', '2015-16 Winter Semester', 12, 12, 15, 29, 68, 7),
('B150221CS ', 'ZZ1094', '2015-16 Winter Semester', 10, 20, 18, 38, 86, 9),
('B150146CS ', 'ZZ1094', '2015-16 Winter Semester', 10, 20, 18, 38, 86, 9),
('B150750CS ', 'ZZ1094', '2015-16 Winter Semester', 12, 12, 15, 29, 68, 7),
('B150263CS', 'ZZ1094', '2015-16 Winter Semester', 10, 20, 18, 38, 86, 9),
('B150292CS', 'ZZ1094', '2015-16 Winter Semester', 12, 12, 15, 29, 68, 7),
('B150103CS', 'ZZ1094', '2015-16 Winter Semester', 10, 20, 18, 38, 86, 9),
('B150372CS', 'ZZ1094', '2015-16 Winter Semester', 12, 12, 15, 29, 68, 7),
('B150102CS ', 'ZZ1094', '2015-16 Winter Semester', 10, 20, 18, 38, 86, 9),
('B150434CS', 'ZZ1094', '2015-16 Winter Semester', 12, 12, 15, 29, 68, 7),
('B150174CS', 'ZZ1095', '2016 Monsoon Semester', 10, 20, 18, 38, 86, 9),
('B150177CS', 'ZZ1095', '2016 Monsoon Semester', 10, 20, 18, 38, 86, 9),
('B150453CS', 'ZZ1095', '2016 Monsoon Semester', 12, 12, 15, 29, 68, 7),
('B150337CS', 'ZZ1095', '2016 Monsoon Semester', 12, 12, 15, 29, 68, 7),
('B150334CS', 'ZZ1095', '2016 Monsoon Semester', 12, 12, 15, 29, 68, 7),
('B150200CS ', 'ZZ1095', '2016 Monsoon Semester', 10, 20, 18, 38, 86, 9),
('B150196CS ', 'ZZ1095', '2016 Monsoon Semester', 10, 20, 18, 38, 86, 9),
('B150063CS ', 'ZZ1095', '2016 Monsoon Semester', 10, 20, 18, 38, 86, 9),
('B150476CS', 'ZZ1095', '2016 Monsoon Semester', 12, 12, 15, 29, 68, 7),
('B150375CS ', 'ZZ1095', '2016 Monsoon Semester', 12, 12, 15, 29, 68, 7),
('B150363CS', 'ZZ1095', '2016 Monsoon Semester', 12, 12, 15, 29, 68, 7),
('B150398CS ', 'ZZ1095', '2016 Monsoon Semester', 12, 12, 15, 29, 68, 7),
('B150735CS', 'ZZ1095', '2016 Monsoon Semester', 12, 12, 15, 29, 68, 7),
('B150232CS', 'ZZ1095', '2016 Monsoon Semester', 10, 20, 18, 38, 86, 9),
('B150737CS ', 'ZZ1095', '2016 Monsoon Semester', 12, 12, 15, 29, 68, 7),
('B150496CS ', 'ZZ1095', '2016 Monsoon Semester', 12, 12, 15, 29, 68, 7),
(' B150107CS ', 'ZZ1095', '2016 Monsoon Semester', 10, 20, 18, 38, 86, 9),
('B150592CS ', 'ZZ1095', '2016 Monsoon Semester', 12, 12, 15, 29, 68, 7),
('B150310CS', 'ZZ1095', '2016 Monsoon Semester', 12, 12, 15, 29, 68, 7),
('B150202CS ', 'ZZ1095', '2016 Monsoon Semester', 10, 20, 18, 38, 86, 9),
('B150309CS ', 'ZZ1095', '2016 Monsoon Semester', 12, 12, 15, 29, 68, 7),
('B150221CS ', 'ZZ1095', '2016 Monsoon Semester', 10, 20, 18, 38, 86, 9),
('B150146CS ', 'ZZ1095', '2016 Monsoon Semester', 10, 20, 18, 38, 86, 9),
('B150750CS ', 'ZZ1095', '2016 Monsoon Semester', 12, 12, 15, 29, 68, 7),
('B150263CS', 'ZZ1095', '2016 Monsoon Semester', 10, 20, 18, 38, 86, 9),
('B150292CS', 'ZZ1095', '2016 Monsoon Semester', 12, 12, 15, 29, 68, 7),
('B150103CS', 'ZZ1095', '2016 Monsoon Semester', 10, 20, 18, 38, 86, 9),
('B150372CS', 'ZZ1095', '2016 Monsoon Semester', 12, 12, 15, 29, 68, 7),
('B150102CS ', 'ZZ1095', '2016 Monsoon Semester', 10, 20, 18, 38, 86, 9),
('B150434CS', 'ZZ1095', '2016 Monsoon Semester', 12, 12, 15, 29, 68, 7),
('B150434CS', 'ZZ1004', '2017 Monsoon Semester', 0, 0, 0, 0, 0, 0),
('B150434CS', 'CS2002', '2017 Monsoon Semester', 0, 0, 0, 0, 0, 0),
('B150434CS', 'CS2001', '2017 Monsoon Semester', 0, 0, 0, 0, 0, 0);

-- --------------------------------------------------------

--
-- Table structure for table `instructor`
--

CREATE TABLE `instructor` (
  `cid` varchar(45) NOT NULL,
  `fid` varchar(45) NOT NULL
) ENGINE=MyISAM DEFAULT CHARSET=latin1;

--
-- Dumping data for table `instructor`
--

INSERT INTO `instructor` (`cid`, `fid`) VALUES
('CS1001', 'FA001'),
('CS1001', 'FA002'),
('CS2001', 'FA001'),
('CS2001', 'FA003'),
('CS2001', 'FA004'),
('CS2002', 'FA002'),
('CS2004', 'FA002'),
('CS2004', 'FA003'),
('CS2005', 'FA001'),
('CS2005', 'FA002'),
('CS2005', 'FA003'),
('CS2005', 'FA004'),
('CS2006', 'FA004'),
('CS2091', 'FA001'),
('CS2092', 'FA001'),
('CS2092', 'FA002'),
('CS2092', 'FA004'),
('CS2093', 'FA002'),
('CS2093', 'FA003'),
('CS2093', 'FA004'),
('CS2094', 'FA001'),
('CS2094', 'FA004'),
('CS3001', 'FA002'),
('CS3001', 'FA004'),
('CS3002', 'FA001'),
('CS3002', 'FA003'),
('CS3003', 'FA002'),
('CS3003', 'FA003'),
('CS3095', 'FA003'),
('CS3095', 'FA004'),
('CS4021', 'FA001'),
('CS4021', 'FA003'),
('CS4038', 'FA002'),
('CS4038', 'FA003'),
('CS4050', 'FA003'),
('CS4050', 'FA004'),
('CY1001', 'FA001'),
('EC2014', 'FA001'),
('EC2014', 'FA003'),
('EE1001', 'FA001'),
('EE1001', 'FA003'),
('MA1001', 'FA003'),
('MA1001', 'FA004'),
('MA1002', 'FA001'),
('MA1002', 'FA002'),
('MA2001', 'FA001'),
('MA2001', 'FA002'),
('MA2002', 'FA003'),
('MA2002', 'FA004'),
('MS1001', 'FA002'),
('MS1001', 'FA003'),
('PH1001', 'FA001'),
('PH1001', 'FA003'),
('PH1091', 'FA002'),
('PH1091', 'FA003'),
('PY1094', 'FA001'),
('PY1094', 'FA003'),
('ZZ1001', 'FA001'),
('ZZ1001', 'FA003'),
('ZZ1002', 'FA001'),
('ZZ1002', 'FA003'),
('ZZ1004', 'FA001'),
('ZZ1004', 'FA004'),
('ZZ1091', 'FA002'),
('ZZ1091', 'FA004'),
('ZZ1092', 'FA002'),
('ZZ1092', 'FA003'),
('ZZ1093', 'FA002'),
('ZZ1093', 'FA003'),
('ZZ1094', 'FA002'),
('ZZ1094', 'FA003'),
('ZZ1095', 'FA002');

-- --------------------------------------------------------

--
-- Table structure for table `library_rec`
--

CREATE TABLE `library_rec` (
  `id` varchar(45) NOT NULL,
  `title` varchar(255) NOT NULL,
  `author` varchar(45) NOT NULL,
  `quantity` int(11) NOT NULL
) ENGINE=MyISAM DEFAULT CHARSET=latin1;

--
-- Dumping data for table `library_rec`
--

INSERT INTO `library_rec` (`id`, `title`, `author`, `quantity`) VALUES
('B01', 'ABC', 'XYZ', 18),
('B02', 'DEF', 'PQR', 25),
('B03', 'GHI', 'LMN', 30),
('B04', 'KGJ', 'ERT', 28),
('B05', 'ASK', 'TRP', 35),
('B06', 'DRT', 'STT', 50),
('B07', 'GDY', 'POL', 45),
('B08', 'FGT', 'DFT', 60),
('B09', 'TRU', 'STR', 78),
('B10', 'TQE', 'ARE', 125);

-- --------------------------------------------------------

--
-- Table structure for table `semester`
--

CREATE TABLE `semester` (
  `sem` varchar(255) NOT NULL,
  `status` enum('prev','curr') NOT NULL
) ENGINE=MyISAM DEFAULT CHARSET=latin1;

--
-- Dumping data for table `semester`
--

INSERT INTO `semester` (`sem`, `status`) VALUES
('2017 Monsoon Semester', 'curr');

-- --------------------------------------------------------

--
-- Table structure for table `users`
--

CREATE TABLE `users` (
  `id` varchar(45) NOT NULL,
  `name` varchar(45) NOT NULL,
  `email` varchar(45) NOT NULL,
  `pass_word` varchar(45) NOT NULL,
  `contact` varchar(10) NOT NULL,
  `city` varchar(45) NOT NULL,
  `address` varchar(255) NOT NULL,
  `type` enum('Student','Faculty','Admin','Library Staff','Hostel Staff') NOT NULL,
  `FA` varchar(45) DEFAULT NULL,
  `hostel_dues` float DEFAULT NULL,
  `room` varchar(45) DEFAULT NULL
) ENGINE=MyISAM DEFAULT CHARSET=latin1;

--
-- Dumping data for table `users`
--

INSERT INTO `users` (`id`, `name`, `email`, `pass_word`, `contact`, `city`, `address`, `type`, `FA`, `hostel_dues`, `room`) VALUES
('B150174CS', 'Abhirami B Nayar', 'abhin@gmail.com', '5f4dcc3b5aa765d61d8327deb882cf99', '456', 'Calicut', 'B.No 2', 'Student', 'FA002', -1000, 'MLH-001'),
('B150177CS', 'Abhiram Haridas', 'abhi@gmail.com', '5f4dcc3b5aa765d61d8327deb882cf99', '123', 'Calicut', 'B. No 1', 'Student', 'FA002', -1000, 'B-001'),
('B150453CS', 'Abin P', 'abin@gmail.com', '5f4dcc3b5aa765d61d8327deb882cf99', '456', 'Calicut', 'B. No 3', 'Student', 'FA002', 0, 'B-002'),
('B150337CS', 'Aby Thomas', 'aby@gmail.com', '5f4dcc3b5aa765d61d8327deb882cf99', '456', 'Calicut', 'B. No 4', 'Student', 'FA002', 500, 'B-003'),
('FA001', 'Vinod P', 'vinod@nitc.ac.in', '5f4dcc3b5aa765d61d8327deb882cf99', '789', 'Calicut', 'B. No 100', 'Faculty', '', NULL, NULL),
('AD1', 'Rahul', 'rahul@gmail.com', '5f4dcc3b5aa765d61d8327deb882cf99', '789', 'Calicut', 'B. No 200', 'Admin', '', NULL, NULL),
('FA002', 'Jimmy Jose', 'jimmy@nitc.ac.in', '5f4dcc3b5aa765d61d8327deb882cf99', '789', 'Calicut', 'B. No 110', 'Faculty', NULL, NULL, NULL),
('L01', 'Venu K', 'venu@nitc.ac.in', '5f4dcc3b5aa765d61d8327deb882cf99', '1234', 'Calicut', 'B. No 300', 'Library Staff', NULL, NULL, NULL),
('H01', 'Swapnil R', 'swap@gmail.com', '5f4dcc3b5aa765d61d8327deb882cf99', '4567', 'Calicut', 'B. No 400', 'Hostel Staff', NULL, NULL, NULL),
('B150334CS', 'Adarsh Sunilkumar', 'adarsh@nitc.ac.in', '5f4dcc3b5aa765d61d8327deb882cf99', '678', 'Calicut', 'B. No 5', 'Student', 'FA002', 500, 'B-004'),
('B150200CS ', 'Adeeb N A', 'adeeb@nitc.ac.in', '5f4dcc3b5aa765d61d8327deb882cf99', '987', 'Calicut', 'B. No 6', 'Student', 'FA002', -1000, 'B-005'),
('B150196CS ', 'Adil Abdul Samad', 'adil@nitc.ac.in', '5f4dcc3b5aa765d61d8327deb882cf99', '234', 'Calicut', 'B. No 7', 'Student', 'FA002', -1000, 'B-006'),
('B150063CS ', 'Aditi Menon', 'aditi@nitc.ac.in', '5f4dcc3b5aa765d61d8327deb882cf99', '345', 'Mumbai', 'Block. No 40', 'Student', 'FA002', -1000, 'MLH-002'),
('B150476CS', 'Aditya Kumar', 'aditya@nitc.ac.in', '5f4dcc3b5aa765d61d8327deb882cf99', '543', 'Delhi', 'B. No 20', 'Student', 'FA002', 0, 'B-007'),
('B150375CS ', 'Adityan A', 'adityan@nitc.ac.in', '5f4dcc3b5aa765d61d8327deb882cf99', '657', 'Calicut', 'B. No 8', 'Student', 'FA002', 0, 'B-008'),
('B150363CS', 'Ahmed Bilal E', 'ahmed@nitc.ac.in', '5f4dcc3b5aa765d61d8327deb882cf99', '978', 'Calicut', 'B. No 9', 'Student', 'FA003', 500, 'B-009'),
('B150398CS ', 'Akansh Kumar', 'akansh@nitc.ac.in', '5f4dcc3b5aa765d61d8327deb882cf99', '3452', 'Dehradun', 'B. No 45', 'Student', 'FA003', 0, 'G-001'),
('B150735CS', 'Akula Swathi', 'akula@nitc.ac.in', '5f4dcc3b5aa765d61d8327deb882cf99', '3214', 'Calicut', 'B. No 10', 'Student', 'FA003', 0, 'MLH-003'),
('B150232CS', 'Alan Thomas', 'alan@nitc.ac.in', '5f4dcc3b5aa765d61d8327deb882cf99', '436782', 'Calicut', 'B. No 11', 'Student', 'FA003', 500, 'B-010'),
('B150737CS ', 'Alla Nagarjuna Reddy', 'nag@nitc.ac.in', '5f4dcc3b5aa765d61d8327deb882cf99', '746', 'Hyderabad', 'B. No 20', 'Student', 'FA003', 0, 'G-002'),
('B150496CS ', 'Amburi Guna Sekhar', 'guna@nitc.ac.in', '5f4dcc3b5aa765d61d8327deb882cf99', '9678', 'Hyderabad', 'B. No 90', 'Student', 'FA003', 0, 'B-011'),
(' B150107CS ', 'Ameen P', 'ameen@nitc.ac.in', '5f4dcc3b5aa765d61d8327deb882cf99', '3124', 'Calicut', 'B. No 12', 'Student', 'FA003', -1000, 'G-003'),
('B150592CS ', 'Ameer Suhail P A', 'ameer@nitc.ac.in', '5f4dcc3b5aa765d61d8327deb882cf99', '95876', 'Calicut', 'B. No 13', 'Student', 'FA003', 0, 'G-004'),
('B150310CS', 'Ammanamanchi Sai Karthik', 'karthik@nitc.ac.in', '5f4dcc3b5aa765d61d8327deb882cf99', '3198', 'Hyderabad', 'B. No 50', 'Student', 'FA003', 500, 'B-012'),
('B150202CS ', 'Amruthlal M', 'amruth@nitc.ac.in', '5f4dcc3b5aa765d61d8327deb882cf99', '5346', 'Calicut', 'B. No 14', 'Student', 'FA003', -1000, 'G-005'),
('B150309CS ', 'Anandhu Sanil', 'anandhu@nitc.ac.in', '5f4dcc3b5aa765d61d8327deb882cf99', '4298', 'Calicut', 'B.No 15', 'Student', 'FA001', 500, 'G-006'),
('B150221CS ', 'Ansal Muhammed A', 'ansal@nitc.ac.in', '5f4dcc3b5aa765d61d8327deb882cf99', '4398', 'Calicut', 'B. No 16', 'Student', 'FA001', 500, 'G-007'),
('B150146CS ', 'Anupam Asok', 'anupam@nitc.ac.in', '5f4dcc3b5aa765d61d8327deb882cf99', '2345', 'Calicut', 'B. No 17', 'Student', 'FA001', -1000, 'B-013'),
('B150750CS ', 'Arasudevan Mohan Prakash', 'mohan@nitc.ac.in', '5f4dcc3b5aa765d61d8327deb882cf99', '4189', 'Hyderabad', 'B. No 25', 'Student', 'FA001', 0, 'G-008'),
('B150263CS', 'Aravind A', 'aravind@nitc.ac.in', '5f4dcc3b5aa765d61d8327deb882cf99', '8495', 'Calicut', 'B. No 18', 'Student', 'FA001', 500, 'G-009'),
('B150292CS', 'Aravind Menon K', 'menon@nitc.ac.in', '5f4dcc3b5aa765d61d8327deb882cf99', '4983', 'Calicut', 'B. No 19', 'Student', 'FA001', 500, 'G-010'),
('B150103CS', 'Archana N', 'archana@nitc.ac.in', '5f4dcc3b5aa765d61d8327deb882cf99', '4329', 'Calicut', 'B. No 20', 'Student', 'FA001', -1000, 'MLH-004'),
('B150372CS', 'Arpan Kundu', 'arpan@nitc.ac.in', '5f4dcc3b5aa765d61d8327deb882cf99', '42986', 'Kolkata', 'B.No 183', 'Student', 'FA001', 500, 'B-014'),
('B150102CS ', 'Arun Joseph', 'arun@nitc.ac.in', '5f4dcc3b5aa765d61d8327deb882cf99', '43982', 'Calicut', 'B. No 21', 'Student', 'FA001', -1000, 'B-015'),
('B150434CS', 'Ashutosh', 'ashutosh@nitc.ac.in', '5f4dcc3b5aa765d61d8327deb882cf99', '3928', 'Delhi', 'B. No 48', 'Student', 'FA001', 0, 'G-011'),
('FA003', 'Lijiya A', 'lijiya@nitc.ac.in', '5f4dcc3b5aa765d61d8327deb882cf99', '3298', 'Calicut', 'B. No 120', 'Faculty', NULL, 0, NULL),
('FA004', 'Jayaraj P B', 'jayaraj@nitc.ac.in', '5f4dcc3b5aa765d61d8327deb882cf99', '3289', 'Calicut', 'B. No 130', 'Faculty', NULL, 0, NULL),
('AD2', 'Rohan', 'rohan@nitc.ac.in', '5f4dcc3b5aa765d61d8327deb882cf99', '2987', 'Calicut', 'B. No 210', 'Admin', NULL, NULL, NULL);

--
-- Indexes for dumped tables
--

--
-- Indexes for table `attendance`
--
ALTER TABLE `attendance`
  ADD PRIMARY KEY (`sid`,`cid`,`_session`);

--
-- Indexes for table `check_out`
--
ALTER TABLE `check_out`
  ADD PRIMARY KEY (`sid`,`bid`);

--
-- Indexes for table `course`
--
ALTER TABLE `course`
  ADD PRIMARY KEY (`id`);

--
-- Indexes for table `enroll`
--
ALTER TABLE `enroll`
  ADD PRIMARY KEY (`sid`,`cid`,`sem`);

--
-- Indexes for table `instructor`
--
ALTER TABLE `instructor`
  ADD PRIMARY KEY (`cid`,`fid`);

--
-- Indexes for table `library_rec`
--
ALTER TABLE `library_rec`
  ADD PRIMARY KEY (`id`);

--
-- Indexes for table `semester`
--
ALTER TABLE `semester`
  ADD PRIMARY KEY (`sem`);

--
-- Indexes for table `users`
--
ALTER TABLE `users`
  ADD PRIMARY KEY (`id`);

/*!40101 SET CHARACTER_SET_CLIENT=@OLD_CHARACTER_SET_CLIENT */;
/*!40101 SET CHARACTER_SET_RESULTS=@OLD_CHARACTER_SET_RESULTS */;
/*!40101 SET COLLATION_CONNECTION=@OLD_COLLATION_CONNECTION */;
